Order: reason?,,line,class,Tony - type,Line,"Adult/
Larval",Main annotator,Lab,Quality,Sex difference,DOI to cite,First author(s) & year,Janelia Robot ID,Cell types,EM Body IDs,Alias,Genotype
,MB485B,MB485B,mixed,various,MB485B,Adult,Yoshi Aso,Aso,2,N,10.1101/2023.09.15.557808,Shuai; 2023,2501827,"DL3_lPN, VM4_lvPN","1609542060, 1609883245, 1640568102
726207450, 1850024931",GMR_48H12_BB_21-x-GMR_37E06_AV_01,w[1118]; P{y[+t7.7] w[+mC]=R48H12-p65.AD}attP40/CyO; P{y[+t7.7] w[+mC]=R37E06-GAL4.DBD}attP2
,OL0022B,OL0022B,local/asc,? sparse,OL0022B,Adult,Aljoscha Nern,Rubin,1,N,10.7554/eLife.21022,"Wu, Nern; 2016",2135391,"LC10, LC10a, LC10d",,GMR_35D04_XA_21-x-GMR_91B01_XD_01,w; 35D04-p65ADZp in attP40; 91B01-ZpGdbd in attP2
,OL0027B,OL0027B,leg MN,?,OL0027B,Adult,Aljoscha Nern,Rubin,1,N,10.7554/eLife.21022,"Wu, Nern; 2016",2135396,LC13,,GMR_14A11_XA_21-x-GMR_50C10_XD_01,w; 14A11-p65ADZp in attP40/CyO; 50C10-ZpGdbd in attP2
,SS00313,SS00313,mixed,"23B, 20A",SS00313,Adult,Aljoscha Nern,Rubin,2,N,10.1016/j.neuron.2017.03.010,Strother; 2017,2502520,Tm3,,GMR_38C11-x-GMR_59C10,w; 38C11-p65ADZp in attP40/CyO; 59C10-ZpGdbd in attP2
,SS00320,SS00320,inter,various,SS00320,Adult,Aljoscha Nern,Rubin,2,N,10.7554/eLife.50901,"Davis, Nern; 2020",2502527,Tm4,,GMR_53C02-x-GMR_60H04,w; 53C02-p65ADZp in attP40/CyO; 60H04-ZpGdbd in attP2
,SS00324,SS00324,inter,chins,SS00324,Adult,Aljoscha Nern,Rubin,2,N,10.1016/j.neuron.2017.03.010,Strother; 2017,2502531,"T4, T5",,GMR_59E08-x-GMR_42F06,w; 59E08-p65ADZp in attP40; 42F06-ZpGdbd in attP2
,SS00342,SS00342,leg MN,,SS00342,Adult,Aljoscha Nern,Rubin,1,N,"Dionne et al., in prep",Dionne; 2024,3000731,aMe4,,GMR_15D08-x-GMR_30A07,w[1118]; P{y[+t7.7] w[+mC]=R15D08-p65.AD}attP40; P{y[+t7.7] w[+mC]=R30A07-GAL4.DBD}attP2
,SS00698,SS00698,MN,,SS00698,Adult,Aljoscha Nern,Rubin,1,N,10.1016/j.neuron.2013.05.024,"Tuthill, Nern; 2013",3007608,Lawf2,,GMR_11D03-x-GMR_19C10,w[1118]; P{y[+t7.7] w[+mC]=R11D03-p65.AD}attP40; P{y[+t7.7] w[+mC]=R19C10-GAL4.DBD}attP2
,SS00698,SS00698,leg MN,acc tibia flexor,SS00698,Adult,Aljoscha Nern,Rubin,1,N,10.1016/j.neuron.2013.05.024,"Tuthill, Nern; 2013",3007608,Lawf2,,GMR_11D03-x-GMR_19C10,w[1118]; P{y[+t7.7] w[+mC]=R11D03-p65.AD}attP40; P{y[+t7.7] w[+mC]=R19C10-GAL4.DBD}attP2
,SS00700,SS00700,asc,,SS00700,Adult,Aljoscha Nern,Rubin,1,N,10.1016/j.neuron.2013.05.024,"Tuthill, Nern; 2013",3007610,T1,,GMR_31F10-x-GMR_65D07,w[1118]; P{y[+t7.7] w[+mC]=R31F10-p65.AD}attP40/CyO; P{y[+t7.7] w[+mC]=R65D07-GAL4.DBD}attP2
,SS00730,SS00730,DN,,SS00730,Adult,DI,DI,2,N,10.7554/eLife.34272,Namiki; 2018,3007651,DNa02,,GMR_75C10-x-GMR_87D07,w[1118]; P{y[+t7.7] w[+mC]=R75C10-p65.AD}attP40; P{y[+t7.7] w[+mC]=R87D07-GAL4.DBD}attP2
,SS00771,SS00771,leg MN,atfC?,SS00771,Adult,Aljoscha Nern,Rubin,2,N,10.1016/j.neuron.2013.05.024,"Tuthill, Nern; 2013",3026899,Lawf2,,GMR_11D03-x-GMR_61H02,w[1118]; P{y[+t7.7] w[+mC]=R11D03-p65.AD}attP40; P{y[+t7.7] w[+mC]=R61H02-GAL4.DBD}attP2
,SS00771,SS00771,leg MN,acc tibia flexor,SS00771,Adult,Aljoscha Nern,Rubin,2,N,10.1016/j.neuron.2013.05.024,"Tuthill, Nern; 2013",3026899,Lawf2,,GMR_11D03-x-GMR_61H02,w[1118]; P{y[+t7.7] w[+mC]=R11D03-p65.AD}attP40; P{y[+t7.7] w[+mC]=R61H02-GAL4.DBD}attP2
,SS00772,SS00772,local,?,SS00772,Adult,Aljoscha Nern,Rubin,2,N,10.1016/j.neuron.2013.05.024,"Tuthill, Nern; 2013",3026900,Lawf1,,GMR_11G01-x-GMR_17C11,w[1118]; P{y[+t7.7] w[+mC]=R11G01-p65.AD}attP40; P{y[+t7.7] w[+mC]=R17C11-GAL4.DBD}attP2
,SS00772,SS00772,leg MN,21A,SS00772,Adult,Aljoscha Nern,Rubin,2,N,10.1016/j.neuron.2013.05.024,"Tuthill, Nern; 2013",3026900,Lawf1,,GMR_11G01-x-GMR_17C11,w[1118]; P{y[+t7.7] w[+mC]=R11G01-p65.AD}attP40; P{y[+t7.7] w[+mC]=R17C11-GAL4.DBD}attP2
,SS00783,SS00783,inter,19B,SS00783,Adult,Aljoscha Nern,Rubin,1,N,10.1016/j.neuron.2013.05.024,"Tuthill, Nern; 2013",3026905,C2,,GMR_25B02-x-GMR_48D11,w[1118]; P{y[+t7.7] w[+mC]=R25B02-p65.AD}attP40; P{y[+t7.7] w[+mC]=R48D11-GAL4.DBD}attP2
,SS00808,SS00808,local,,SS00808,Adult,Aljoscha Nern,Rubin,2,N,10.1016/j.neuron.2013.05.024,"Tuthill, Nern; 2013",3026914,Lai,,GMR_92A10-x-GMR_17D06,w[1118]; P{y[+t7.7] w[+mC]=R92A10-p65.AD}attP40; P{y[+t7.7] w[+mC]=R17D06-GAL4.DBD}attP2
,SS00808,SS00808,local,22A?,SS00808,Adult,Aljoscha Nern,Rubin,2,N,10.1016/j.neuron.2013.05.024,"Tuthill, Nern; 2013",3026914,Lai,,GMR_92A10-x-GMR_17D06,w[1118]; P{y[+t7.7] w[+mC]=R92A10-p65.AD}attP40; P{y[+t7.7] w[+mC]=R17D06-GAL4.DBD}attP2
,SS00898,SS00898,DN,,SS00898,Adult,DI,DI,2,N,10.7554/eLife.34272,Namiki; 2018,3013808,DNg17,,VT020033-x-VT014208,w; VT020033-p65ADZp in attP40; VT014208-ZpGdbd in attP2
,SS00938,SS00938,leg MN,faint,SS00938,Adult,Aljoscha Nern,Rubin,1,N,10.7554/eLife.21022,"Wu, Nern; 2016",3015625,"LC10, LC10a, LC10b, LC10c, LC10d",,GMR_35D04-x-GMR_71E06,w; 35D04-p65ADZp in attP40; 71E06-ZpGdbd in attP2/TM6B
,SS00938,SS00938,leg MN,?,SS00938,Adult,Aljoscha Nern,Rubin,1,N,10.7554/eLife.21022,"Wu, Nern; 2016",3015625,"LC10, LC10a, LC10b, LC10c, LC10d",,GMR_35D04-x-GMR_71E06,w; 35D04-p65ADZp in attP40; 71E06-ZpGdbd in attP2/TM6B
,SS01001,SS01001,local,?,SS01001,Adult,Aljoscha Nern,Rubin,2,N,10.7554/eLife.24394,Takemura; 2017,3028017,CT1,,GMR_65E11-x-GMR_20C09,w[1118]; P{y[+t7.7] w[+mC]=R65E11-p65.AD}attP40; P{y[+t7.7] w[+mC]=R20C09-GAL4.DBD}attP2
,SS01001,SS01001,local,08A?,SS01001,Adult,Aljoscha Nern,Rubin,2,N,10.7554/eLife.24394,Takemura; 2017,3028017,CT1,,GMR_65E11-x-GMR_20C09,w[1118]; P{y[+t7.7] w[+mC]=R65E11-p65.AD}attP40; P{y[+t7.7] w[+mC]=R20C09-GAL4.DBD}attP2
,SS01049,SS01049,DN,,SS01049,Adult,DI,DI,1,N,10.7554/eLife.34272,Namiki; 2018,3015810,DNp10,,VT017683-x-VT031084,w; VT017683-p65ADZp in attP40; VT031084-ZpGdbd in attP2
,SS01052,SS01052,DN,,SS01052,Adult,DI,DI,1,N,10.7554/eLife.34272,Namiki; 2018,3015813,DNp25,,VT056582-x-GMR_22D06,w; VT056582-p65ADZp in attP40; 22D06-ZpGdbd in attP2
,SS01076,SS01076,local,,SS01076,Adult,DI,DI,2,N,10.7554/eLife.34272,Namiki; 2018,3015837,,,GMR_50D07-x-GMR_74C01,w; 50D07-p65ADZp in attP40/CyO::Tb-RFP; 74C01-ZpGdbd in attP2/TM6B
,SS01076,SS01076,local,and 10B/08B,SS01076,Adult,DI,DI,2,N,10.7554/eLife.34272,Namiki; 2018,3015837,,,GMR_50D07-x-GMR_74C01,w; 50D07-p65ADZp in attP40/CyO::Tb-RFP; 74C01-ZpGdbd in attP2/TM6B
,SS01078,SS01078,DN,V01,SS01078,Adult,DI,DI,2,N,10.7554/eLife.34272,Namiki; 2018,3015839,DNp20,,GMR_69C11-x-GMR_81D05,w; 69C11-p65ADZp in attP40; 81D05-ZpGdbd in attP2
,SS01565,SS01565,DN,,SS01565,Adult,DI,DI,1,N,10.7554/eLife.34272,Namiki; 2018,3016864,DNg01,,GMR_60B11-x-GMR_83B04,w; 60B11-p65ADZp in attP40; 83B04-ZpGdbd in attP2
,SS01587,SS01587,local,,SS01587,Adult,DI,DI,1,N,10.7554/eLife.34272,Namiki; 2018,3016886,DNp29,,GMR_11H10-x-VT033947,w; 11H10-p65ADZp in attP40/CyO::Tb-RFP; VT033947-ZpGdbd in attP2
,SS02099,SS02099,weird,,SS02099,Adult,Aljoscha Nern,Rubin,2,N,10.7554/eLife.57685,Morimoto; 2020,3017878,PVLP006 (LC6G3),"1073691439, 5813048443",GMR_76B02-x-VT046334,w; 76B02-p65ADZp in attP40/CyO; VT046334-ZpGdbd in attP2/TM6B
,SS02406,SS02406,local,,SS02406,Adult,Aljoscha Nern,Rubin,1,N,10.1101/2023.06.21.546024,Isaacson; 2023,3018357,LLPC1,,VT048351-x-VT044492,"w[1118]; P{y[+t7.7] w[+mC]=VT048351-p65.AD}attP40; P{y[+t7.7] w[+mC]=VT044492-GAL4.DBD}attP2/TM6B, Tb[1]"
,SS02406,SS02406,local,?,SS02406,Adult,Aljoscha Nern,Rubin,1,N,10.1101/2023.06.21.546024,Isaacson; 2023,3018357,LLPC1,,VT048351-x-VT044492,"w[1118]; P{y[+t7.7] w[+mC]=VT048351-p65.AD}attP40; P{y[+t7.7] w[+mC]=VT044492-GAL4.DBD}attP2/TM6B, Tb[1]"
,SS02592,SS02592,local,,SS02592,Adult,Aljoscha Nern,Rubin,2,N,10.7554/eLife.50901,"Davis, Nern; 2020",3018622,Dm4,,GMR_12C04-x-GMR_75H07,w; 12C04-p65ADZp in attP40; 75H07-ZpGdbd in attP2
,SS02665,SS02665,local,,SS02665,Adult,Aljoscha Nern,Rubin,2,N,10.7554/eLife.21022,"Wu, Nern; 2016",3025122,"LC10, LC10b, LC10c, LC10d",,GMR_35D04-x-VT058944,w; 35D04-p65ADZp in attP40; VT058944-ZpGdbd in attP2
,SS02951,SS02951,local,,SS02951,Adult,Tanya Wolff,Rubin,2,N,"Wolff et al., in prep",Wolff; 2024,3019025,"vDE, vDD",,GMR_33C05-x-GMR_76E07,w[1118]; P{y[+t7.7] w[+mC]=R33C05-p65.AD}attP40; P{y[+t7.7] w[+mC]=R76E07-GAL4.DBD}attP2
,SS02978,SS02978,local,,SS02978,Adult,Aljoscha Nern,Rubin,1,N,10.7554/eLife.71858,"Kind, Longden, Nern, Zhao; 2021",3019168,"ML1, LO VPN",,GMR_42E06-x-VT064564,w[1118]; P{y[+t7.7] w[+mC]=R42E06-p65.AD}attP40; P{y[+t7.7] w[+mC]=VT064564-GAL4.DBD}attP2
,SS04723,SS04723,local,13B,SS04723,Adult,Jim Truman,Truman,2,N,This paper,This paper,3021731,13B,,VT046782-x-GMR_30G06,"w[1118]; P{y[+t7.7] w[+mC]=VT046782-p65.AD}attP40; P{y[+t7.7] w[+mC]=R30G06-GAL4.DBD}attP2/TM6B, Tb[1]"
,SS04726,SS04726,local,12B,SS04726,Adult,Jim Truman,Truman,2,N,This paper,This paper,3021734,12B,,VT044519-x-VT040346,"w[1118]; P{y[+t7.7] w[+mC]=VT044519-p65.AD}attP40; P{y[+t7.7] w[+mC]=VT040346-GAL4.DBD}attP2/TM6B, Tb[1]"
,SS04728,SS04728,local,12B,SS04728,Adult,Jim Truman,Truman,2,N,This paper,This paper,3021736,12B,,VT040346-x-VT050658,w[1118]; P{y[+t7.7] w[+mC]=VT040346-p65.AD}attP40; P{y[+t7.7] w[+mC]=VT050658-GAL4.DBD}attP2
,SS04730,SS04730,local,01B,SS04730,Adult,Jim Truman,Truman,1,N,This paper,This paper,3021738,01A,,VT058873-x-GMR_73A06,w[1118]; P{y[+t7.7] w[+mC]=VT058873-p65.AD}attP40; P{y[+t7.7] w[+mC]=R73A06-GAL4.DBD}attP2
,SS04732,SS04732,local,14A,SS04732,Adult,Jim Truman,Truman,2,N,This paper,This paper,3021740,14A,,VT064489-x-VT049923,"w[1118]; P{y[+t7.7] w[+mC]=VT064489-p65.AD}attP40/CyO, P{w[+mC]=2xTb[1]-RFP}CyO; P{y[+t7.7] w[+mC]=VT049923-GAL4.DBD}attP2"
,SS04733,SS04733,local,14A,SS04733,Adult,Jim Truman,Truman,2,N,This paper,This paper,3021741,14A,,VT064489-x-GMR_23C06,"w[1118]; P{y[+t7.7] w[+mC]=VT064489-p65.AD}attP40/CyO, P{w[+mC]=2xTb[1]-RFP}CyO; P{y[+t7.7] w[+mC]=R23C06-GAL4.DBD}attP2/TM6B, Tb[1]"
,SS04736,SS04736,local,,SS04736,Adult,Jim Truman,Truman,2,N,This paper,This paper,3021744,01B,,VT044946-x-GMR_30A10,w[1118]; P{y[+t7.7] w[+mC]=VT044946-p65.AD}attP40; P{y[+t7.7] w[+mC]=R30A10-GAL4.DBD}attP2
,SS04738,SS04738,local,12B,SS04738,Adult,Jim Truman,Truman,2,N,This paper,This paper,3021746,12B,,VT019339-x-VT050658,w[1118]; P{y[+t7.7] w[+mC]=VT019339-p65.AD}attP40; P{y[+t7.7] w[+mC]=VT050658-GAL4.DBD}attP2
maybe the tibia flexor-targeting 14A neuron,SS04739,SS04739,local,14A,SS04739,Adult,Jim Truman,Truman,1,N,This paper,This paper,3021747,14A,,GMR_34F03-x-VT049923,w[1118]; P{y[+t7.7] w[+mC]=R34F03-p65.AD}attP40; P{y[+t7.7] w[+mC]=VT049923-GAL4.DBD}attP2
,SS04741,SS04741,local,01B,SS04741,Adult,Jim Truman,Truman,2,N,This paper,This paper,3021749,01A,,GMR_54D12-x-GMR_73A06,w[1118]; P{y[+t7.7] w[+mC]=R54D12-p65.AD}attP40; P{y[+t7.7] w[+mC]=R73A06-GAL4.DBD}attP2
,SS04742,SS04742,local,01B,SS04742,Adult,Jim Truman,Truman,1,N,This paper,This paper,3021750,01A,,GMR_73B05-x-VT058873,w[1118]; P{y[+t7.7] w[+mC]=R73B05-p65.AD}attP40; P{y[+t7.7] w[+mC]=VT058873-GAL4.DBD}attP2
,SS04744,SS04744,local,01B,SS04744,Adult,Jim Truman,Truman,1,N,This paper,This paper,3021752,01A,,GMR_77B09-x-GMR_73A06,w[1118]; P{y[+t7.7] w[+mC]=R77B09-p65.AD}attP40; P{y[+t7.7] w[+mC]=R73A06-GAL4.DBD}attP2
,SS04745,SS04745,local,23B,SS04745,Adult,Jim Truman,Truman,2,N,This paper,This paper,3021753,23B,,GMR_77C10-x-VT050226,w[1118]; P{y[+t7.7] w[+mC]=R77C10-p65.AD}attP40; P{y[+t7.7] w[+mC]=VT050226-GAL4.DBD}attP2
,SS04746,SS04746,local,23B,SS04746,Adult,Jim Truman,Truman,1,N,This paper,This paper,3021754,23B,,GMR_77C10-x-VT026010,w[1118]; P{y[+t7.7] w[+mC]=R77C10-p65.AD}attP40; P{y[+t7.7] w[+mC]=VT026010-GAL4.DBD}attP2
,SS04747,SS04747,local,23B_taste,SS04747,Adult,Jim Truman,Truman,2,N,This paper,This paper,3021755,23B,,GMR_77C10-x-VT026655,w[1118]; P{y[+t7.7] w[+mC]=R77C10-p65.AD}attP40; P{y[+t7.7] w[+mC]=VT026655-GAL4.DBD}attP2
,SS04748,SS04748,local,23B,SS04748,Adult,Jim Truman,Truman,2,N,This paper,This paper,3021756,23B,,GMR_77C10-x-GMR_59C10,w[1118]; P{y[+t7.7] w[+mC]=R77C10-p65.AD}attP40; P{y[+t7.7] w[+mC]=R59C10-GAL4.DBD}attP2
,SS04749,SS04749,local,23B,SS04749,Adult,Jim Truman,Truman,2,Y,This paper,This paper,3021757,23B,,GMR_87C08-x-VT026655,w[1118]; P{y[+t7.7] w[+mC]=R87C08-p65.AD}attP40; P{y[+t7.7] w[+mC]=VT026655-GAL4.DBD}attP2
,SS04750,SS04750,local,23B,SS04750,Adult,Jim Truman,Truman,2,N,This paper,This paper,3021758,23B,,GMR_87C08-x-GMR_77C10,w[1118]; P{y[+t7.7] w[+mC]=R87C08-p65.AD}attP40; P{y[+t7.7] w[+mC]=R77C10-GAL4.DBD}attP2
,SS05037,SS05037,inter,big/sparse,SS05037,Adult,Aljoscha Nern,Rubin,1,N,10.1016/j.neuron.2022.02.013,Klapoetke; 2022,3022096,LC21,,GMR_85F11-x-GMR_45F08,w[1118]; P{y[+t7.7] w[+mC]=R85F11-p65.AD}attP40; P{y[+t7.7] w[+mC]=R45F08-GAL4.DBD}attP2
,SS14728,SS14728,asc,07B,SS14728,Adult,Jim Truman,Truman,1,N,This paper,This paper,3022870,07B,,VT044958-x-VT050273,w[1118]; P{y[+t7.7] w[+mC]=VT044958-p65.AD}attP40; P{y[+t7.7] w[+mC]=VT050273-GAL4.DBD}attP2
,SS20257,SS20257,local,09A,SS20257,Adult,Jim Truman,Truman,2,N,This paper,This paper,3022888,09A,,VT014013-x-GMR_30A10,"w[1118]; P{y[+t7.7] w[+mC]=VT014013-p65.AD}attP40/CyO, P{2xTb[1]-RFP}CyO; P{y[+t7.7] w[+mC]=R30A10-GAL4.DBD}attP2"
,SS20268,SS20268,local,09A,SS20268,Adult,Jim Truman,Truman,1,N,This paper,This paper,3024006,09A,,VT064562-x-VT044946,w[1118]; P{y[+t7.7] w[+mC]=VT064562-p65.AD}attP40; P{y[+t7.7] w[+mC]=VT044946-GAL4.DBD}attP2
,SS20301,SS20301,local,01A,SS20301,Adult,Jim Truman,Truman,2,N,This paper,This paper,3022902,01A,,GMR_73B05-x-VT000629,w[1118]; P{y[+t7.7] w[+mC]=R73B05-p65.AD}attP40; P{y[+t7.7] w[+mC]=VT000629-GAL4.DBD}attP2
,SS20733,SS20733,local,19A,SS20733,Adult,Jim Truman,Truman,2,N,This paper,This paper,3022885,19A,,VT040542-x-GMR_34H05,"w[1118]; P{y[+t7.7] w[+mC]=VT040542-p65.AD}attP40/CyO, P{w[+mC]=2xTb[1]-RFP}CyO; P{y[+t7.7] w[+mC]=R34H05-GAL4.DBD}attP2/TM6B, Tb[1]"
,SS20738,SS20738,local,19A,SS20738,Adult,Jim Truman,Truman,1,N,This paper,This paper,3022874,19A,,VT044964-x-VT044494,w[1118]; P{y[+t7.7] w[+mC]=VT044964-p65.AD}attP40; P{y[+t7.7] w[+mC]=VT044494-GAL4.DBD}attP2
,SS20743,SS20743,local,19A,SS20743,Adult,Jim Truman,Truman,1,N,This paper,This paper,3022875,19A,,VT044964-x-GMR_34H05,"w[1118]; P{y[+t7.7] w[+mC]=VT044964-p65.AD}attP40/CyO, P{w[+mC]=2xTb[1]-RFP}CyO; P{y[+t7.7] w[+mC]=R34H05-GAL4.DBD}attP2/TM6B, Tb[1]"
,SS20745,SS20745,local,claw input,SS20745,Adult,Ryo Minegishi,Dickson,1,N,This paper,This paper,3028840,"LUL89, LUL97",,VT044964-x-VT046303,w[1118]; P{y[+t7.7] w[+mC]=VT044964-p65.AD}attP40; P{y[+t7.7] w[+mC]=VT046303-GAL4.DBD}attP2
,SS20751,SS20751,local,centrifugal,SS20751,Adult,Jim Truman,Truman,2,N,This paper,This paper,3022898,19A,,GMR_32E04-x-GMR_64H06,w[1118]; P{y[+t7.7] w[+mC]=R32E04-p65.AD}attP40; P{y[+t7.7] w[+mC]=R64H06-GAL4.DBD}attP2
,SS20752,SS20752,local,cetrifugal,SS20752,Adult,Jim Truman,Truman,2,N,This paper,This paper,3022876,19A,,VT006555-x-GMR_64H06,w; VT006555-p65ADZp in attP40; 64H06-ZpGDBD in attP2
,SS20790,SS20790,intersegmental,,SS20790,Adult,Jim Truman,Truman,2,N,This paper,This paper,3027656,08B,,GMR_75F06-x-VT047325,"w[1118]; P{y[+t7.7] w[+mC]=R75F06-p65.AD}attP40; P{y[+t7.7] w[+mC]=VT047325-GAL4.DBD}attP2/TM6B, Tb[1]"
,SS20791,SS20791,intersegmental,chins,SS20791,Adult,Jim Truman,Truman,1,N,This paper,This paper,3022903,08B,,GMR_75F06-x-VT058856,w[1118]; P{y[+t7.7] w[+mC]=R75F06-p65.AD}attP40; P{y[+t7.7] w[+mC]=VT058856-GAL4.DBD}attP2
,SS20806,SS20806,asc,neck,SS20806,Adult,Jim Truman,Truman,1,N,This paper,This paper,3022871,07B,,VT044958-x-VT026140,w; VT044958-p65ADZp in attP40; VT026140-ZpGdbd in attP2
,SS20834,SS20834,inter,,SS20834,Adult,Jim Truman,Truman,2,N,This paper,This paper,3024203,12A,,GMR_22H01-x-GMR_22E06,w[1118]; P{y[+t7.7] w[+mC]=R22H01-p65.AD}attP40; P{y[+t7.7] w[+mC]=R22E06-GAL4.DBD}attP2
,SS20846,SS20846,local,12B T2,SS20846,Adult,Jim Truman,Truman,1,N,This paper,This paper,3022891,06B,,GMR_26B04-x-VT058566,w[1118]; P{y[+t7.7] w[+mC]=R26B04-p65.AD}attP40; P{y[+t7.7] w[+mC]=VT058566-GAL4.DBD}attP2
,SS20847,SS20847,local,14A claw,SS20847,Adult,Jim Truman,Truman,2,N,This paper,This paper,3022893,14A,,GMR_28A12-x-VT000606,"w[1118]; P{y[+t7.7] w[+mC]=R28A12-p65.AD}attP40; P{y[+t7.7] w[+mC]=VT000606-GAL4.DBD}attP2/TM6B, Tb[1]"
,SS20857,SS20857,local,13B?,SS20857,Adult,Jim Truman,Truman,2,N,This paper,This paper,3024201,13B,,VT032228-x-VT042478,w[1118]; P{y[+t7.7] w[+mC]=VT032228-p65.AD}attP40; P{y[+t7.7] w[+mC]=VT042478-GAL4.DBD}attP2
,SS22035,SS22035,local,Big!,SS22035,Adult,Jens Goldammer,Rubin,1,N,This paper,This paper,3023867,OCG04,,VT000877-x-VT028198,w[1118]; P{y[+t7.7] w[+mC]=VT000877-p65.AD}attP40; P{y[+t7.7] w[+mC]=VT028198-GAL4.DBD}attP2
,SS22242,SS22242,local,sparse,SS22242,Adult,Aljoscha Nern,Rubin,2,N,Rubin et al. in prep,Rubin; 2024,3023155,"AOTU061, AOTU062",,VT039464-x-VT009674,w[1118]; P{y[+t7.7] w[+mC]=VT039464-p65.AD}attP40; P{y[+t7.7] w[+mC]=VT009674-GAL4.DBD}attP2
,SS23858,SS23858,inter,19B,SS23858,Adult,Aljoscha Nern,Rubin,2,N,"Dionne et al., in prep",Dionne; 2024,3023708,aMe8,,VT040980-x-VT008473,w[1118]; P{y[+t7.7] w[+mC]=VT040980-p65.AD}attP40; P{y[+t7.7] w[+mC]=VT008473-GAL4.DBD}attP2
,SS23879,SS23879,local,variable,SS23879,Adult,Aljoscha Nern,Rubin,2,N,"Dionne et al., in prep",Dionne; 2024,3023710,SLP249,,VT038225-x-GMR_31C03,"w[1118]; P{y[+t7.7] w[+mC]=VT038225-p65.AD}attP40/CyO, P{w[+mC]=2xTb[1]-RFP}CyO; P{y[+t7.7] w[+mC]=R31C03-GAL4.DBD}attP2"
,SS25451,SS25451,asc,,SS25451,Adult,Ryo Minegishi,Dickson,2,N,10.25378/janelia.23726103,Minegishi; 2023,3028366,,,VT063643-x-VT059224,w; VT063643-p65ADZp in attP40; VT059224-ZpGdbd in attP2
,SS25469,SS25469,asc,,SS25469,Adult,Ryo Minegishi,Dickson,1,N,10.25378/janelia.23726103,Minegishi; 2023,3028458,,,VT027704-x-VT044958,w; VT027704-p65ADZp in attP40/CyOTb; VT044958-ZpGDBD in attP2/TM6B
,SS25470,SS25470,asc,wing,SS25470,Adult,Jim Truman,Truman,1,N,10.25378/janelia.23726103,Minegishi; 2023,3027661,08B,,VT063643-x-VT048352,w[1118]; P{y[+t7.7] w[+mC]=VT063643-p65.AD}attP40; P{y[+t7.7] w[+mC]=VT048352-GAL4.DBD}attP2
,SS25473,SS25473,inter,,SS25473,Adult,Ryo Minegishi,Dickson,1,N,This paper,This paper,3028845,LBI66,,VT043084-x-VT061518,w[1118]; P{y[+t7.7] w[+mC]=VT043084-p65.AD}attP40; P{y[+t7.7] w[+mC]=VT061518-GAL4.DBD}attP2
,SS25480,SS25480,local,23B,SS25480,Adult,Ryo Minegishi,Dickson,1,N,This paper,This paper,3028846,"LBI2, LBI6",,VT044957-x-VT019728,w[1118]; P{y[+t7.7] w[+mC]=VT044957-p65.AD}attP40/CyO; P{y[+t7.7] w[+mC]=VT019728-GAL4.DBD}attP2
,SS25504,SS25504,local,23B,SS25504,Adult,Ryo Minegishi,Dickson,1,N,This paper,This paper,3028856,"LBI2, LBI6",,VT050226-x-VT046808,"w[1118]; P{y[+t7.7] w[+mC]=VT050226-p65.AD}attP40; P{y[+t7.7] w[+mC]=VT046808-GAL4.DBD}attP2/TM6B, Tb[1]"
,SS25516,SS25516,mixed,12B,SS25516,Adult,Ryo Minegishi,Dickson,2,N,This paper,This paper,3028367,"LBL23, LBL24, LUI8",,VT008537-x-VT055068,w[1118]; P{y[+t7.7] w[+mC]=VT008537-p65.AD}attP40; P{y[+t7.7] w[+mC]=VT055068-GAL4.DBD}attP2
,SS25564,SS25564,inter,,SS25564,Adult,Jim Truman,Truman,1,N,This paper,This paper,3024181,12A,,VT057294-x-VT009094,w[1118]; P{y[+t7.7] w[+mC]=VT057294-p65.AD}attP40; P{y[+t7.7] w[+mC]=VT009094-GAL4.DBD}attP2
,SS25575,SS25575,local,?,SS25575,Adult,Jim Truman,Truman,2,N,This paper,This paper,3024186,08A,,VT030297-x-VT040724,w[1118]; P{y[+t7.7] w[+mC]=VT030297-p65.AD}attP40; P{y[+t7.7] w[+mC]=VT040724-GAL4.DBD}attP2
,SS25576,SS25576,local,,SS25576,Adult,Jim Truman,Truman,2,N,This paper,This paper,3024187,"08A, 06B",,VT030297-x-VT019423,"w[1118]; P{y[+t7.7] w[+mC]=VT030297-p65.AD}attP40; P{y[+t7.7] w[+mC]=VT019423-GAL4.DBD}attP2/TM6B, Tb[1]"
,SS25577,SS25577,local,,SS25577,Adult,Jim Truman,Truman,2,N,This paper,This paper,3024188,08A,,VT039475-x-VT040724,w[1118]; P{y[+t7.7] w[+mC]=VT039475-p65.AD}attP40; P{y[+t7.7] w[+mC]=VT040724-GAL4.DBD}attP2
,SS25587,SS25587,local,centrifugal,SS25587,Adult,Jim Truman,Truman,1,N,This paper,This paper,3024196,18B,,GMR_26B06-x-VT061933,w[1118]; P{y[+t7.7] w[+mC]=R26B06-p65.AD}attP40; P{y[+t7.7] w[+mC]=VT061933-GAL4.DBD}attP2
,SS25868,SS25868,local,big,SS25868,Adult,Aljoscha Nern,Rubin,2,N,10.1101/2023.06.21.546024,Isaacson; 2023,3024361,LPC2,,VT032900-x-VT016114,w[1118]; P{y[+t7.7] w[+mC]=VT032900-p65.AD}attP40; P{y[+t7.7] w[+mC]=VT016114-GAL4.DBD}attP2
,SS26953,SS26953,local,20A-22A,SS26953,Adult,Jim Truman,Truman,2,N,This paper,This paper,3024795,20A-22A,,VT003849-x-GMR_72E09,w[1118]; P{y[+t7.7] w[+mC]=VT003849-p65.AD}attP40; P{y[+t7.7] w[+mC]=R72E09-GAL4.DBD}attP2
,SS26968,SS26968,local,20A-22A,SS26968,Adult,Jim Truman,Truman,1,N,This paper,This paper,3024797,20A-22A,,GMR_37G12-x-GMR_72E09,w[1118]; P{y[+t7.7] w[+mC]=R37G12-p65.AD}attP40; P{y[+t7.7] w[+mC]=R72E09-GAL4.DBD}attP2
,SS26973,SS26973,local,20A-22A,SS26973,Adult,Jim Truman,Truman,2,N,This paper,This paper,3024798,20A-22A,,GMR_75H10-x-GMR_72E09,w[1118]; P{y[+t7.7] w[+mC]=R75H10-p65.AD}attP40; P{y[+t7.7] w[+mC]=R72E09-GAL4.DBD}attP2
,SS26974,SS26974,local,20A-22A,SS26974,Adult,Jim Truman,Truman,2,N,This paper,This paper,3024785,20A-22A,,GMR_75H10-x-GMR_92A08,w[1118]; P{y[+t7.7] w[+mC]=R75H10-p65.AD}attP40; P{y[+t7.7] w[+mC]=R92A08-GAL4.DBD}attP2
,SS26977,SS26977,local,centrifugal,SS26977,Adult,Jim Truman,Truman,2,N,This paper,This paper,3024800,21A,,GMR_72H09-x-GMR_54B03,"w[1118]; P{y[+t7.7] w[+mC]=R72H09-p65.AD}attP40; P{y[+t7.7] w[+mC]=R54B03-GAL4.DBD}attP2/TM6B, Tb[1]"
,SS27416,SS27416,inter,01B,SS27416,Adult,Ryo Minegishi,Dickson,1,N,10.1038/s41467-020-19936-x,Feng; 2020,3028370,"LBL49, LBL52",,GMR_73B05-x-GMR_42H01,w[1118]; P{y[+t7.7] w[+mC]=R73B05-p65.AD}attP40; P{y[+t7.7] w[+mC]=R42H01-GAL4.DBD}attP2
,SS27422,SS27422,local,09A sparse,SS27422,Adult,Ryo Minegishi,Dickson,1,N,This paper,This paper,3028460,LUL58,,GMR_85C01-x-GMR_12D09,"w[1118]; P{y[+t7.7] w[+mC]=R85C01-p65.AD}attP40/CyO, P{w[+mC]=2xTb[1]-RFP}CyO; P{y[+t7.7] w[+mC]=R12D09-GAL4.DBD}attP2/TM6B, Tb[1]"
,SS27425,SS27425,local,09A,SS27425,Adult,Ryo Minegishi,Dickson,2,N,This paper,This paper,3028882,LUL58,,GMR_89G04-x-GMR_52E12,"w[1118]; P{y[+t7.7] w[+mC]=R89G04-p65.AD}attP40/CyO; P{y[+t7.7] w[+mC]=R52E12-GAL4.DBD}attP2/TM6B, Tb[1]"
,SS28003,SS28003,local,16B?,SS28003,Adult,Ryo Minegishi,Dickson,1,N,This paper,This paper,3029274,"LBL46, LBL47",,GMR_91F05-x-GMR_9C12,"w[1118]; P{y[+t7.7] w[+mC]=R91F05-p65.AD}attP40/CyO, P{w[+mC]=2xTb[1]-RFP}CyO; P{y[+t7.7] w[+mC]=R9C12-GAL4.DBD}attP2"
,SS28035,SS28035,local,23B,SS28035,Adult,Ryo Minegishi,Dickson,1,N,This paper,This paper,3028888,LBI1,,GMR_33C01-x-GMR_70C10,"w[1118]; P{y[+t7.7] w[+mC]=R33C01-p65.AD}attP40; P{y[+t7.7] w[+mC]=R70C10-GAL4.DBD}attP2/TM6B, Tb[1]"
,SS28453,SS28453,local,loopy 4B?,SS28453,Adult,Ryo Minegishi,Dickson,2,N,This paper,This paper,3028372,LUI6,,GMR_52G05-x-GMR_85A03,w[1118]; P{y[+t7.7] w[+mC]=R52G05-p65.AD}attP40; P{y[+t7.7] w[+mC]=R85A03-GAL4.DBD}attP2
,SS28958,SS28958,local,?,SS28958,Adult,Jim Truman,Truman,2,N,This paper,This paper,3024901,09A,,VT026324-x-VT047276,w[1118]; P{y[+t7.7] w[+mC]=VT026324-p65.AD}attP40; P{y[+t7.7] w[+mC]=VT047276-GAL4.DBD}attP2
,SS28977,SS28977,local,09A,SS28977,Adult,Jim Truman,Truman,1,N,This paper,This paper,3024905,09A,,GMR_30A10-x-VT044946,w[1118]; P{y[+t7.7] w[+mC]=R30A10-p65.AD}attP40; P{y[+t7.7] w[+mC]=VT044946-GAL4.DBD}attP2
,SS28980,SS28980,local,09A,SS28980,Adult,Jim Truman,Truman,1,N,This paper,This paper,3024906,09A,,GMR_52E12-x-VT037862,w[1118]; P{y[+t7.7] w[+mC]=R52E12-p65.AD}attP40; P{y[+t7.7] w[+mC]=VT037862-GAL4.DBD}attP2
,SS29243,SS29243,local,12B,SS29243,Adult,Gabriella Sterne,Dickson,2,N,This paper,This paper,3044405,butterfly,,GMR_55C05-x-GMR_65F12,w[1118]; P{y[+t7.7] w[+mC]=R55C05-p65.AD}attP40/CyO; P{y[+t7.7] w[+mC]=R65F12-GAL4.DBD}attP2
,SS29258,SS29258,local,club,SS29258,Adult,Jim Truman,Truman,2,N,This paper,This paper,3024891,09A,,GMR_17C09-x-VT000767,w[1118]; P{y[+t7.7] w[+mC]=R17C09-p65.AD}attP40; P{y[+t7.7] w[+mC]=VT000767-GAL4.DBD}attP2
,SS29662,SS29662,local,12B,SS29662,Adult,Ryo Minegishi,Dickson,1,N,This paper,This paper,3028374,"LBL26, LBL27, LBL28",,GMR_85A01-x-VT044168,w[1118]; P{y[+t7.7] w[+mC]=R85A01-p65.AD}attP40; P{y[+t7.7] w[+mC]=VT044168-GAL4.DBD}attP2
,SS29857,SS29857,local,12B,SS29857,Adult,Ryo Minegishi,Dickson,2,N,This paper,This paper,3029368,LBL23,,VT019718-x-VT055068,w; VT019718-p65ADZp in attP40; VT055068-ZpGdbd in attP2
,SS29882,SS29882,local,09A,SS29882,Adult,Ryo Minegishi,Dickson,1,N,This paper,This paper,3028910,LUL58,,GMR_52E12-x-VT019330,w[1118]; P{y[+t7.7] w[+mC]=R52E12-p65.AD}attP40; P{y[+t7.7] w[+mC]=VT019330-GAL4.DBD}attP2
,SS29886,SS29886,local,22A?,SS29886,Adult,Ryo Minegishi,Dickson,2,N,This paper,This paper,3028912,LUL1,,GMR_60G04-x-VT063982,w[1118]; P{y[+t7.7] w[+mC]=R60G04-p65.AD}attP40; P{y[+t7.7] w[+mC]=VT063982-GAL4.DBD}attP2
,SS29892,SS29892,local,12B,SS29892,Adult,Ryo Minegishi,Dickson,2,N,This paper,This paper,3028913,"LBL23, LBL24, LUI8",,GMR_67F03-x-VT055068,"w[1118]; P{y[+t7.7] w[+mC]=R67F03-p65.AD}attP40/CyO, P{w[+mC]=2xTb[1]-RFP}CyO; P{y[+t7.7] w[+mC]=VT055068-GAL4.DBD}attP2"
,SS29893,SS29893,local,12B,SS29893,Adult,Ryo Minegishi,Dickson,2,N,10.25378/janelia.23726103,Minegishi; 2023,3029229,LBL23,,GMR_67F03-x-VT050658,"w[1118]; P{y[+t7.7] w[+mC]=R67F03-p65.AD}attP40/CyO, P{w[+mC]=2xTb[1]-RFP}CyO; P{y[+t7.7] w[+mC]=VT050658-GAL4.DBD}attP2"
,SS30185,SS30185,local,lateral in T1,SS30185,Adult,Jim Truman,Truman,2,N,This paper,This paper,3024755,06B,,GMR_26B04-x-VT018463,w[1118]; P{y[+t7.7] w[+mC]=R26B04-p65.AD}attP40; P{y[+t7.7] w[+mC]=VT018463-GAL4.DBD}attP2
,SS30804,SS30804,local,ventral,SS30804,Adult,Jim Truman,Truman,2,N,This paper,This paper,3025368,01B,,GMR_30A10-x-GMR_55A03,w[1118]; P{y[+t7.7] w[+mC]=R30A10-p65.AD}attP40; P{y[+t7.7] w[+mC]=R55A03-GAL4.DBD}attP2
,SS30815,SS30815,local,03A?,SS30815,Adult,Jim Truman,Truman,2,N,This paper,This paper,3025366,01B,,VT044946-x-GMR_58F02,w[1118]; P{y[+t7.7] w[+mC]=VT044946-p65.AD}attP40; P{y[+t7.7] w[+mC]=R58F02-GAL4.DBD}attP2
,SS31219,SS31219,inter,,SS31219,Adult,Ryo Minegishi,Dickson,2,N,10.25378/janelia.23726103,Minegishi; 2023,3028926,"LBA4, LBI14",,VT045153-x-VT019074,w[1118]; P{y[+t7.7] w[+mC]=VT045153-p65.AD}attP40/CyO; P{y[+t7.7] w[+mC]=VT019074-GAL4.DBD}attP2
,SS31266,SS31266,inter,frog neurons,SS31266,Adult,DI,DI,1,N,This paper,This paper,3037659,LT-IN (stop),,VT029592-x-GMR_87D06,w[1118]; P{y[+t7.7] w[+mC]=VT029592-p65.AD}attP40; P{y[+t7.7] w[+mC]=R87D06-GAL4.DBD}attP2
,SS31305,SS31305,local,"large, loopy",SS31305,Adult,Ryo Minegishi,Dickson,1,N,This paper,This paper,3031838,"LUL14, LUL15, LUL20",,GMR_61A01-x-GMR_42B02,w[1118]; P{y[+t7.7] w[+mC]=R61A01-p65.AD}attP40; P{y[+t7.7] w[+mC]=R42B02-GAL4.DBD}attP2
,SS31450,SS31450,inter,18B,SS31450,Adult,Jens Goldammer,Rubin,1,N,This paper,This paper,3039002,OCG01,,GMR_82E12-x-VT000877,w[1118]; P{y[+t7.7] w[+mC]=R82E12-p65.AD}attP40/CyO; P{y[+t7.7] w[+mC]=VT000877-GAL4.DBD}attP2
,SS31450,SS31450,inter,sparse,SS31450,Adult,Jens Goldammer,Rubin,1,N,This paper,This paper,3039002,OCG01,,GMR_82E12-x-VT000877,w[1118]; P{y[+t7.7] w[+mC]=R82E12-p65.AD}attP40/CyO; P{y[+t7.7] w[+mC]=VT000877-GAL4.DBD}attP2
,SS31465,SS31465,mixed,,SS31465,Adult,Jim Truman,Truman,2,N,This paper,This paper,3027685,07B,,GMR_20E07-x-GMR_87G07,w[1118]; P{y[+t7.7] w[+mC]=R20E07-p65.AD}attP40; P{y[+t7.7] w[+mC]=R87G07-GAL4.DBD}attP2
,SS31466,SS31466,mixed,,SS31466,Adult,Jim Truman,Truman,2,N,This paper,This paper,3027679,02A,,GMR_41H07-x-VT026338,w[1118]; P{y[+t7.7] w[+mC]=R41H07-p65.AD}attP40; P{y[+t7.7] w[+mC]=VT026338-GAL4.DBD}attP2
,SS31522,SS31522,local,08A?,SS31522,Adult,Masayoshi Ito,Rubin,2,N,This paper,This paper,3031890,CRE093,,GMR_89B06-x-GMR_49A06,w[1118]; P{y[+t7.7] w[+mC]=R89B06-p65.AD}attP40; P{y[+t7.7] w[+mC]=R49A06-GAL4.DBD}attP2
,SS31872,SS31872,local,,SS31872,Adult,Ryo Minegishi,Dickson,1,N,This paper,This paper,3028508,LUL163,,VT043084-x-GMR_29G03,w[1118]; P{y[+t7.7] w[+mC]=VT043084-p65.AD}attP40; P{y[+t7.7] w[+mC]=R29G03-GAL4.DBD}attP2
,SS32300,SS32300,local,22A?,SS32300,Adult,Ryo Minegishi,Dickson,2,N,This paper,This paper,3028505,LUL89,,VT049904-x-GMR_72E10,w[1118]; P{y[+t7.7] w[+mC]=VT049904-p65.AD}attP40; P{y[+t7.7] w[+mC]=R72E10-GAL4.DBD}attP2
,SS32343,SS32343,local,12B,SS32343,Adult,Ryo Minegishi,Dickson,2,N,This paper,This paper,3029437,LBL23,,VT044519-x-VT050658,"w[1118]; P{y[+t7.7] w[+mC]=VT044519-p65.AD}attP40; P{y[+t7.7] w[+mC]=VT050658-GAL4.DBD}attP2/TM6B, Tb[+]"
,SS32346,SS32346,local,22A?,SS32346,Adult,Ryo Minegishi,Dickson,2,N,This paper,This paper,3029454,LUL53,,VT003849-x-VT037875,w[1118]; P{y[+t7.7] w[+mC]=VT003849-p65.AD}attP40; P{y[+t7.7] w[+mC]=VT037875-GAL4.DBD}attP2
,SS32370,SS32370,inter,T1,SS32370,Adult,Ryo Minegishi,Dickson,2,N,This paper,This paper,3028598,LBL39,,VT058381-x-GMR_89G01,w[1118]; P{y[+t7.7] w[+mC]=VT058381-p65.AD}attP40; P{y[+t7.7] w[+mC]=R89G01-GAL4.DBD}attP2
maybe the tibia flexor-targeting 14A neuron,SS32427,SS32427,local,14A,SS32427,Adult,Ryo Minegishi,Dickson,1,N,This paper,This paper,3028963,"LUL35, LUL40",,GMR_10B11-x-VT049923,w[1118]; P{y[+t7.7] w[+mC]=R10B11-p65.AD}attP40; P{y[+t7.7] w[+mC]=VT049923-GAL4.DBD}attP2
,SS32454,SS32454,local,11A,SS32454,Adult,Ryo Minegishi,Dickson,1,N,This paper,This paper,3028966,"LBI39, LBI40, LBI41",,GMR_35B12-x-VT044959,"w[1118]; P{y[+t7.7] w[+mC]=R35B12-p65.AD}attP40/CyO, P{w[+mC]=2xTb[1]-RFP}CyO; P{y[+t7.7] w[+mC]=VT044959-GAL4.DBD}attP2"
,SS32496,SS32496,local,22A?,SS32496,Adult,Ryo Minegishi,Dickson,1,N,10.1038/s41467-020-19936-x,Feng; 2020,3028973,LUL89,,GMR_72E10-x-VT049904,w[1118]; P{y[+t7.7] w[+mC]=R72E10-p65.AD}attP40/CyO; P{y[+t7.7] w[+mC]=VT049904-GAL4.DBD}attP2
,SS32792,SS32792,leg MN,,SS32792,Adult,Masayoshi Ito,Rubin,1,N,This paper,This paper,3025166,,,GMR_55B09-x-GMR_89B12,"w[1118]; P{y[+t7.7] w[+mC]=R55B09-p65.AD}attP40/CyO, P{w[+mC]=2xTb[1]-RFP}CyO; P{y[+t7.7] w[+mC]=R89B12-GAL4.DBD}attP2"
,SS33343,SS33343,local,03A?,SS33343,Adult,Ryo Minegishi,Dickson,1,N,10.1038/s41467-020-19936-x,Feng; 2020,3028487,"LUL92, LUL93, LUL97, LUL100",,VT043924-x-VT044964,"w[1118]; P{y[+t7.7] w[+mC]=VT043924-p65.AD}attP40/CyO, P{w[+mC]=2xTb[1]-RFP}CyO; P{y[+t7.7] w[+mC]=VT044964-GAL4.DBD}attP2"
,SS33368,SS33368,local,14A,SS33368,Adult,Ryo Minegishi,Dickson,1,N,This paper,This paper,3029179,LUL31,,GMR_37G11-x-VT021368,w[1118]; P{y[+t7.7] w[+mC]=R37G11-p65.AD}attP40; P{y[+t7.7] w[+mC]=VT021368-GAL4.DBD}attP2
,SS33467,SS33467,local,23B,SS33467,Adult,Ryo Minegishi,Dickson,1,N,This paper,This paper,3028988,"LBI2, LBI6",,VT001595-x-GMR_33H10,"w[1118]; P{y[+t7.7] w[+mC]=VT001595-p65.AD}attP40; P{y[+t7.7] w[+mC]=R33H10-GAL4.DBD}attP2/TM6B, Tb[1]"
,SS33510,SS33510,inter,,SS33510,Adult,Ryo Minegishi,Dickson,1,N,10.1038/s41467-020-19936-x,Feng; 2020,3028996,LBL9,,VT033629-x-VT021799,w[1118]; P{y[+t7.7] w[+mC]=VT033629-p65.AD}attP40/CyO; P{y[+t7.7] w[+mC]=VT021799-GAL4.DBD}attP2
,SS33542,SS33542,local,03A? post claw,SS33542,Adult,Ryo Minegishi,Dickson,1,N,10.1038/s41467-020-19936-x,Feng; 2020,3028382,"LBL19, LUL89, LUL92, LUL97, LUL100, LUL105",,VT044964-x-VT023795,w[1118]; P{y[+t7.7] w[+mC]=VT044964-p65.AD}attP40; P{y[+t7.7] w[+mC]=VT023795-GAL4.DBD}attP2
,SS33920,SS33920,efferent,,SS33920,Adult,Yoshi Aso,Aso,1,N,10.1101/2023.09.15.557808,Shuai; 2023,3027023,l2LN23,"2069647778, 2069648213",VT047885-x-GMR_23C06,"w[1118]; P{y[+t7.7] w[+mC]=VT047885-p65.AD}attP40/CyO; P{y[+t7.7] w[+mC]=R23C06-GAL4.DBD}attP2/TM6B, Tb[1]"
,SS34478,SS34478,local,12B,SS34478,Adult,Ryo Minegishi,Dickson,2,N,This paper,This paper,3029436,LBL23,,VT050238-x-VT050658,w[1118]; P{y[+t7.7] w[+mC]=VT050238-p65.AD}attP40; P{y[+t7.7] w[+mC]=VT050658-GAL4.DBD}attP2
,SS34537,SS34537,inter/asc,,SS34537,Adult,Ryo Minegishi,Dickson,2,N,This paper,This paper,3028608,"LBA44, LBI51",,VT036302-x-GMR_66B07,"w[1118]; P{y[+t7.7] w[+mC]=VT036302-p65.AD}attP40/CyO, P{w[+mC]=2xTb[1]-RFP}CyO; P{y[+t7.7] w[+mC]=R66B07-GAL4.DBD}attP2"
,SS34547,SS34547,inter,T1,SS34547,Adult,Ryo Minegishi,Dickson,2,N,This paper,This paper,3028576,LBL39,,VT058381-x-VT020829,w[1118]; P{y[+t7.7] w[+mC]=VT058381-p65.AD}attP40; P{y[+t7.7] w[+mC]=VT020829-GAL4.DBD}attP2
,SS34574,SS34574,asc,12B,SS34574,Adult,Ryo Minegishi,Dickson,2,N,10.25378/janelia.23726103,Minegishi; 2023,3030766,,,VT008537-x-VT050658,w; VT008537-p65ADZp in attP40; VT050658-ZpGDBD in attP2/TM6B
,SS34614,SS34614,local,13B,SS34614,Adult,Ryo Minegishi,Dickson,1,N,This paper,This paper,3029110,"LBL6, LUL28, LUL29, LUL33",,GMR_18G08-x-GMR_21D06,"w[1118]; P{y[+t7.7] w[+mC]=R18G08-p65.AD}attP40/CyO, P{w[+mC]=2xTb[1]-RFP}CyO; P{y[+t7.7] w[+mC]=R21D06-GAL4.DBD}attP2"
,SS34621,SS34621,local,14A,SS34621,Adult,Ryo Minegishi,Dickson,2,N,This paper,This paper,3029017,"LUL39, LUL41",,GMR_20G06-x-VT015971,w[1118]; P{y[+t7.7] w[+mC]=R20G06-p65.AD}attP40; P{y[+t7.7] w[+mC]=VT015971-GAL4.DBD}attP2
,SS34668,SS34668,local,13B,SS34668,Adult,Ryo Minegishi,Dickson,1,N,This paper,This paper,3029025,"LUL15, LUL19",,GMR_54H10-x-VT032228,w[1118]; P{y[+t7.7] w[+mC]=R54H10-p65.AD}attP40; P{y[+t7.7] w[+mC]=VT032228-GAL4.DBD}attP2
,SS34692,SS34692,local,14A,SS34692,Adult,Kaiyu Wang,Dickson,1,N,This paper,This paper,3027855,VNC_LN,,GMR_76E09-x-GMR_26H12,"w[1118]; P{y[+t7.7] w[+mC]=R76E09-p65.AD}attP40/CyO; P{y[+t7.7] w[+mC]=R26H12-GAL4.DBD}attP2/TM6B, Tb[1]"
,SS34687,SS34687,local,16B?,SS34687,Adult,Ryo Minegishi,Dickson,1,N,This paper,This paper,3029027,"LUL164, LUL165",,GMR_69H11-x-GMR_92A10,w[1118]; P{y[+t7.7] w[+mC]=R69H11-p65.AD}attP40/CyO; P{y[+t7.7] w[+mC]=R92A10-GAL4.DBD}attP2
,SS34687,SS34687,local,13B?,SS34687,Adult,Ryo Minegishi,Dickson,1,N,This paper,This paper,3029027,"LUL164, LUL165",,GMR_69H11-x-GMR_92A10,w[1118]; P{y[+t7.7] w[+mC]=R69H11-p65.AD}attP40/CyO; P{y[+t7.7] w[+mC]=R92A10-GAL4.DBD}attP2
,SS35560,SS35560,local,01B,SS35560,Adult,Ryo Minegishi,Dickson,1,N,10.1038/s41467-020-19936-x,Feng; 2020,3029036,"LBL53, LBL54",,GMR_77B09-x-GMR_72C08,w[1118]; P{y[+t7.7] w[+mC]=R77B09-p65.AD}attP40; P{y[+t7.7] w[+mC]=R72C08-GAL4.DBD}attP2
,SS35605,SS35605,local,?,SS35605,Adult,Ryo Minegishi,Dickson,2,N,This paper,This paper,3029078,"LUL139, LUL140, LUL163",,VT043138-x-VT029359,w[1118]; P{y[+t7.7] w[+mC]=VT043138-p65.AD}attP40; P{y[+t7.7] w[+mC]=VT029359-GAL4.DBD}attP2
,SS35987,SS35987,mixed,01B,SS35987,Adult,Claire McKellar,Dickson,2,N,This paper,This paper,3031460,,,VT048645-x-GMR_76E07,w[1118]; P{y[+t7.7] w[+mC]=VT048645-p65.AD}attP40/CyO; P{y[+t7.7] w[+mC]=R76E07-GAL4.DBD}attP2
,SS36134,SS36134,inter,11A,SS36134,Adult,Ryo Minegishi,Dickson,1,N,This paper,This paper,3029230,"LBI39, LBI41",,GMR_72B05-x-VT044959,w[1118]; P{y[+t7.7] w[+mC]=R72B05-p65.AD}attP40; P{y[+t7.7] w[+mC]=VT044959-GAL4.DBD}attP2
,SS37296,SS37296,local,16B?,SS37296,Adult,Erica Ehrhardt,DI,1,N,10.1101/2023.05.31.542897,"Ehrhardt, Whitehead; 2023",3026049,leg ascending neuron,,GMR_42B09-x-GMR_18H03,w[1118]; P{y[+t7.7] w[+mC]=R42B09-p65.AD}attP40; P{y[+t7.7] w[+mC]=R18H03-GAL4.DBD}attP2
,SS37632,SS37632,local,01B,SS37632,Adult,Ryo Minegishi,Dickson,1,N,This paper,This paper,3029076,LBL49,,GMR_11H10-x-VT015786,"w[1118]; P{y[+t7.7] w[+mC]=R11H10-p65.AD}attP40; P{y[+t7.7] w[+mC]=VT015786-GAL4.DBD}attP2/TM6B, Tb[+]"
,SS37633,SS37633,local,01B,SS37633,Adult,Ryo Minegishi,Dickson,1,N,This paper,This paper,3029090,"LBL48, LBL49",,GMR_11H10-x-VT012318,"w[1118]; P{y[+t7.7] w[+mC]=R11H10-p65.AD}attP40; P{y[+t7.7] w[+mC]=VT012318-GAL4.DBD}attP2/TM6B, Tb[1]"
,SS37641,SS37641,inter,?,SS37641,Adult,Jim Truman,Truman,1,N,This paper,This paper,3027657,12A,,VT064563-x-VT009094,w[1118]; P{y[+t7.7] w[+mC]=VT064563-p65.AD}attP40; P{y[+t7.7] w[+mC]=VT009094-GAL4.DBD}attP2
,SS37648,SS37648,local,cool!,SS37648,Adult,Ryo Minegishi,Dickson,1,N,This paper,This paper,3029486,LBL14,,VT014336-x-GMR_23E04,w[1118]; P{y[+t7.7] w[+mC]=VT014336-p65.AD}attP40; P{y[+t7.7] w[+mC]=R23E04-GAL4.DBD}attP2
,SS37652,SS37652,local/asc,19B,SS37652,Adult,Jim Truman,Truman,2,N,10.25378/janelia.23726103,Minegishi; 2023,3027667,19B,,VT040698-x-VT023490,w[1118]; P{y[+t7.7] w[+mC]=VT040698-p65.AD}attP40; P{y[+t7.7] w[+mC]=VT023490-GAL4.DBD}attP2
,SS37659,SS37659,local,12B,SS37659,Adult,Ryo Minegishi,Dickson,2,N,This paper,This paper,3029430,"LBL26, LBL27, LBL28, LUL106, LUL107, LUL108",,VT040346-x-VT002408,w[1118]; P{y[+t7.7] w[+mC]=VT040346-p65.AD}attP40; P{y[+t7.7] w[+mC]=VT002408-GAL4.DBD}attP2
,SS37671,SS37671,local,13B,SS37671,Adult,Ryo Minegishi,Dickson,1,N,This paper,This paper,3028643,LUL17,,VT002050-x-VT048874,"w[1118]; P{y[+t7.7] w[+mC]=VT002050-p65.AD}attP40; P{y[+t7.7] w[+mC]=VT048874-GAL4.DBD}attP2/TM6B, Tb[1]"
,SS38013,SS38013,local,13A?,SS38013,Adult,Ryo Minegishi,Dickson,1,N,This paper,This paper,3029379,LUL4,,GMR_85A07-x-GMR_26E03,w[1118]; P{y[+t7.7] w[+mC]=R85A07-p65.AD}attP40; P{y[+t7.7] w[+mC]=R26E03-GAL4.DBD}attP2
,SS38021,SS38021,local,,SS38021,Adult,Ryo Minegishi,Dickson,2,N,This paper,This paper,3029373,"LUL3, LUL5, LUL7",,GMR_9D11-x-GMR_85A07,"w[1118]; P{y[+t7.7] w[+mC]=R9D11-p65.AD}attP40/CyO, P{w[+mC]=2xTb[1]-RFP}CyO; P{y[+t7.7] w[+mC]=R85A07-GAL4.DBD}attP2/TM6B, Tb[1]"
,SS38113,SS38113,wing MN?,,SS38113,Adult,Gabriella Sterne,Dickson,2,N,10.7554/eLife.71679,Sterne; 2021,3027429,damsel,,GMR_75C10-x-VT020122,w[1118]; P{y[+t7.7] w[+mC]=R75C10-p65.AD}attP40; P{y[+t7.7] w[+mC]=VT020122-GAL4.DBD}attP2
maybe the tibia flexor-targeting 14A neuron,SS38723,SS38723,local,14A,SS38723,Adult,Ryo Minegishi,Dickson,1,N,This paper,This paper,3028603,"LUL29, LUL31",,VT037875-x-GMR_37G11,w[1118]; P{y[+t7.7] w[+mC]=VT037875-p65.AD}attP40; P{y[+t7.7] w[+mC]=R37G11-GAL4.DBD}attP2
,SS38727,SS38727,inter,19B?,SS38727,Adult,Ryo Minegishi,Dickson,2,N,This paper,This paper,3028554,"LBL37, LUL152",,VT039350-x-VT008473,w[1118]; P{y[+t7.7] w[+mC]=VT039350-p65.AD}attP40; P{y[+t7.7] w[+mC]=VT008473-GAL4.DBD}attP2
,SS39782,SS39782,asc,?,SS39782,Adult,Aljoscha Nern,Rubin,2,N,"Dionne et al., in prep",Dionne; 2024,3026304,aMe15,,GMR_46C02-x-GMR_76A04,"w[1118]; P{y[+t7.7] w[+mC]=R46C02-p65.AD}attP40; P{y[+t7.7] w[+mC]=R76A04-GAL4.DBD}attP2/TM6B, Tb[1]"
,SS40261,SS40261,asc,?,SS40261,Adult,Jim Truman,Truman,2,N,This paper,This paper,3027670,08B,,VT048352-x-VT041433,w[1118]; P{y[+t7.7] w[+mC]=VT048352-p65.AD}attP40; P{y[+t7.7] w[+mC]=VT041433-GAL4.DBD}attP2
,SS40265,SS40265,asc,neck?,SS40265,Adult,Jim Truman,Truman,1,N,This paper,This paper,3027671,08B,,VT063643-x-VT041433,w[1118]; P{y[+t7.7] w[+mC]=VT063643-p65.AD}attP40/CyO; P{y[+t7.7] w[+mC]=VT041433-GAL4.DBD}attP2
,SS40619,SS40619,mixed,sparse but dense,SS40619,Adult,Ryo Minegishi,Dickson,1,N,10.25378/janelia.23726103,Minegishi; 2023,3029980,,,VT021853-x-VT050234,w; VT021853-p65ADZp in attP40/CyOTb; VT050234-ZpGDBD in attP2
,SS40645,SS40645,inter,,SS40645,Adult,Ryo Minegishi,Dickson,1,N,This paper,This paper,3030801,"LBI37, LBI43",,GMR_21H09-x-GMR_59F08,w[1118]; P{y[+t7.7] w[+mC]=R21H09-p65.AD}attP40; P{y[+t7.7] w[+mC]=R59F08-GAL4.DBD}attP2
,SS40657,SS40657,local,?,SS40657,Adult,Ryo Minegishi,Dickson,1,N,This paper,This paper,3029248,LUL164,,GMR_69H11-x-VT038149,w[1118]; P{y[+t7.7] w[+mC]=R69H11-p65.AD}attP40; P{y[+t7.7] w[+mC]=VT038149-GAL4.DBD}attP2
,SS41518,SS41518,local,?,SS41518,Adult,Kaiyu Wang,Dickson,2,N,This paper,This paper,3026746,,,VT062257-x-VT002072,w[1118]; P{y[+t7.7] w[+mC]=VT062257-p65.AD}attP40; P{y[+t7.7] w[+mC]=VT002072-GAL4.DBD}attP2
,SS41811,SS41811,local,16B?,SS41811,Adult,Ryo Minegishi,Dickson,1,N,This paper,This paper,3029247,LUL66,,GMR_52E12-x-VT044649,w[1118]; P{y[+t7.7] w[+mC]=R52E12-p65.AD}attP40; P{y[+t7.7] w[+mC]=VT044649-GAL4.DBD}attP2
,SS41862,SS41862,local,16B?,SS41862,Adult,Ryo Minegishi,Dickson,2,N,This paper,This paper,3029496,LUL66,,VT044649-x-GMR_52E12,"w[1118]; P{y[+t7.7] w[+mC]=VT044649-p65.AD}attP40; P{y[+t7.7] w[+mC]=R52E12-GAL4.DBD}attP2/TM6B, Tb[1]"
,SS41970,SS41970,inter,18B leg and wing,SS41970,Adult,Masayoshi Ito,Rubin,2,N,This paper,This paper,3026622,LAL113,,VT042810-x-GMR_51G03,w[1118]; P{y[+t7.7] w[+mC]=VT042810-p65.AD}attP40; P{y[+t7.7] w[+mC]=R51G03-GAL4.DBD}attP2
,SS42740,SS42740,local/asc,cool!,SS42740,Adult,Ryo Minegishi,Dickson,1,N,10.25378/janelia.23726103,Minegishi; 2023,3028645,,,VT037865-x-VT061717,w; VT037865-p65ADZp in attP40; VT061717-ZpGdbd in attP2
Presynaptic to flexors?,SS43542,SS43542,local,20A,SS43542,Adult,Ryo Minegishi,Dickson,2,N,This paper,This paper,3029186,"LUL50, LUL144",,GMR_25F10-x-VT046018,"w[1118]; P{y[+t7.7] w[+mC]=R25F10-p65.AD}attP40/CyO, P{w[+mC]=2xTb[1]-RFP}CyO; P{y[+t7.7] w[+mC]=VT046018-GAL4.DBD}attP2"
,SS44233,SS44233,local,posterior loopy,SS44233,Adult,Ryo Minegishi,Dickson,2,N,This paper,This paper,3029435,"LUI7, LUL86",,VT037491-x-VT050273,w[1118]; P{y[+t7.7] w[+mC]=VT037491-p65.AD}attP40; P{y[+t7.7] w[+mC]=VT050273-GAL4.DBD}attP2
,SS44254,SS44254,local,03A?,SS44254,Adult,Ryo Minegishi,Dickson,1,N,10.1038/s41467-020-19936-x,Feng; 2020,3029468,"LUL50, LUL55, LUL145",,VT065322-x-VT019902,w; VT065322-p65ADZp in attP40; VT019902-ZpGdbd in attP2/TM6B
,SS44448,SS44448,mixed,,SS44448,Adult,Kaiyu Wang,Dickson,1,N,This paper,This paper,3032525,,,GMR_23F02-x-VT043653,w[1118]; P{y[+t7.7] w[+mC]=R23F02-p65.AD}attP40; P{y[+t7.7] w[+mC]=VT043653-GAL4.DBD}attP2
,SS45404,SS45404,local,12B,SS45404,Adult,Ryo Minegishi,Dickson,2,N,This paper,This paper,3029341,"LBL26, LBL28, LUL108",,GMR_85A01-x-VT002408,w[1118]; P{y[+t7.7] w[+mC]=R85A01-p65.AD}attP40; P{y[+t7.7] w[+mC]=VT002408-GAL4.DBD}attP2
,SS45413,SS45413,leg MN,,SS45413,Adult,Kaiyu Wang,Dickson,2,N,This paper,This paper,3026667,Abg_MN,,VT032768-x-VT019028,w[1118]; P{y[+t7.7] w[+mC]=VT032768-p65.AD}attP40; P{y[+t7.7] w[+mC]=VT019028-GAL4.DBD}attP2
,SS45446,SS45446,local/asc,16B?,SS45446,Adult,Kaiyu Wang,Dickson,1,N,This paper,This paper,3026711,,,VT032768-x-VT030303,"w[1118]; P{y[+t7.7] w[+mC]=VT032768-p65.AD}attP40; P{y[+t7.7] w[+mC]=VT030303-GAL4.DBD}attP2/TM6B, Tb[1]"
,SS45463,SS45463,local,,SS45463,Adult,Kaiyu Wang,Dickson,1,N,This paper,This paper,3026729,VNC_SN,,VT032768-x-VT016238,w[1118]; P{y[+t7.7] w[+mC]=VT032768-p65.AD}attP40; P{y[+t7.7] w[+mC]=VT016238-GAL4.DBD}attP2
,SS45635,SS45635,inter/asc,19B?,SS45635,Adult,Ryo Minegishi,Dickson,1,N,10.25378/janelia.23726103,Minegishi; 2023,3028561,LUA4,,VT008882-x-VT014208,w[1118]; P{y[+t7.7] w[+mC]=VT008882-p65.AD}attP40; P{y[+t7.7] w[+mC]=VT014208-GAL4.DBD}attP2
,SS45680,SS45680,local/asc,08A?,SS45680,Adult,Gabriella Sterne,Dickson,2,N,10.7554/eLife.71679,Sterne; 2021,3031210,aster,,GMR_54H04-x-VT042833,"w[1118]; P{y[+t7.7] w[+mC]=R54H04-p65.AD}attP40/CyO; P{y[+t7.7] w[+mC]=VT042833-GAL4.DBD}attP2/TM6B, Tb[1]"
,SS46229,SS46229,local,12B,SS46229,Adult,Ryo Minegishi,Dickson,2,N,10.1038/s41467-020-19936-x,Feng; 2020,3029427,"LBL37, LUL108, LUL152",,VT033616-x-VT008473,w[1118]; P{y[+t7.7] w[+mC]=VT033616-p65.AD}attP40; P{y[+t7.7] w[+mC]=VT008473-GAL4.DBD}attP2
,SS46233,SS46233,local,?,SS46233,Adult,Ryo Minegishi,Dickson,2,N,10.1038/s41467-020-19936-x,Feng; 2020,3029327,"LBA29, LUI22, LUI1",,VT029814-x-VT028464,w[1118]; P{y[+t7.7] w[+mC]=VT029814-p65.AD}attP40; P{y[+t7.7] w[+mC]=VT028464-GAL4.DBD}attP2
,SS46507,SS46507,local,centrifugal,SS46507,Adult,Tanya Wolff,Rubin,2,Y,10.1002/cne.24512,Wolff; 2018,3027305,LCNp,,VT040713-x-VT006486,w; VT040713-p65ADZp in attP40; VT006486-ZpGdbd in attP2
,SS46716,SS46716,leg MN,fe reductors?,SS46716,Adult,Ryo Minegishi,Dickson,2,N,This paper,This paper,3029331,MN,,VT029305-x-VT034804,w; VT029305-p65ADZp in attP40; VT034804-ZpGdbd in attP2
,SS46730,SS46730,inter,extensive,SS46730,Adult,Ryo Minegishi,Dickson,1,N,10.1038/s41467-020-19936-x,Feng; 2020,3029087,"LUI12, LUL24",,VT037566-x-VT008808,w; VT037566-p65ADZp in attP40; VT008808-ZpGdbd in attP2
,SS47863,SS47863,local,?,SS47863,Adult,Ryo Minegishi,Dickson,2,N,10.1038/s41467-020-19936-x,Feng; 2020,3029100,LUL89,,GMR_15D08-x-GMR_72E10,w[1118]; P{y[+t7.7] w[+mC]=R15D08-p65.AD}attP40; P{y[+t7.7] w[+mC]=R72E10-GAL4.DBD}attP2
,SS47887,SS47887,local,?,SS47887,Adult,Ryo Minegishi,Dickson,2,N,This paper,This paper,3029344,SN_mixed,,GMR_93D09-x-VT050663,"w[1118]; P{y[+t7.7] w[+mC]=R93D09-p65.AD}attP40; P{y[+t7.7] w[+mC]=VT050663-GAL4.DBD}attP2/TM6B, Tb[1]"
,SS48376,SS48376,local,medial soma,SS48376,Adult,Ryo Minegishi,Dickson,1,N,10.1038/s41467-020-19936-x,Feng; 2020,3031821,LUL24,,VT008808-x-VT048646,w[1118]; P{y[+t7.7] w[+mC]=VT008808-p65.AD}attP40; P{y[+t7.7] w[+mC]=VT048646-GAL4.DBD}attP2
,SS48406,SS48406,local/asc,,SS48406,Adult,Ryo Minegishi,Dickson,2,N,10.25378/janelia.23726103,Minegishi; 2023,3028502,"LBA14, LBA18, LBA20, LBA27, LUA3",,VT048352-x-VT039769,w[1118]; P{y[+t7.7] w[+mC]=VT048352-p65.AD}attP40; P{y[+t7.7] w[+mC]=VT039769-GAL4.DBD}attP2
,SS48406,SS48406,inter,03B,SS48406,Adult,Ryo Minegishi,Dickson,2,N,10.25378/janelia.23726103,Minegishi; 2023,3028502,"LBA14, LBA18, LBA20, LBA27, LUA3",,VT048352-x-VT039769,w[1118]; P{y[+t7.7] w[+mC]=VT048352-p65.AD}attP40; P{y[+t7.7] w[+mC]=VT039769-GAL4.DBD}attP2
,SS48413,SS48413,inter,03B,SS48413,Adult,Ryo Minegishi,Dickson,1,N,This paper,This paper,3031835,LBI57,,GMR_83A11-x-GMR_87G04,w[1118]; P{y[+t7.7] w[+mC]=R83A11-p65.AD}attP40; P{y[+t7.7] w[+mC]=R87G04-GAL4.DBD}attP2
,SS48616,SS48616,local,posterior/loopy 3A,SS48616,Adult,Ryo Minegishi,Dickson,2,N,This paper,This paper,3028482,LUL86,,VT057295-x-VT050273,w; VT057295-p65ADZp in attP40; VT050273-ZpGDBD in attP2
,SS48635,SS48635,local,13B,SS48635,Adult,Ryo Minegishi,Dickson,2,N,This paper,This paper,3029370,LBL35,,VT063314-x-VT000605,w[1118]; P{y[+t7.7] w[+mC]=VT063314-p65.AD}attP40; P{y[+t7.7] w[+mC]=VT000605-GAL4.DBD}attP2
,SS48636,SS48636,local,?,SS48636,Adult,Ryo Minegishi,Dickson,2,N,This paper,This paper,3029376,LBL35,,VT063314-x-GMR_18G08,w[1118]; P{y[+t7.7] w[+mC]=VT063314-p65.AD}attP40; P{y[+t7.7] w[+mC]=R18G08-GAL4.DBD}attP2
,SS48638,SS48638,local,20A/22A,SS48638,Adult,Ryo Minegishi,Dickson,1,N,This paper,This paper,3028657,"LUL51, LUL52, LUL167",,VT050112-x-VT064581,w[1118]; P{y[+t7.7] w[+mC]=VT050112-p65.AD}attP40; P{y[+t7.7] w[+mC]=VT064581-GAL4.DBD}attP2
,SS48648,SS48648,local,?,SS48648,Adult,Ryo Minegishi,Dickson,2,N,This paper,This paper,3029116,"LBL41, LUL38",,GMR_11C05-x-GMR_48H01,w[1118]; P{y[+t7.7] w[+mC]=R11C05-p65.AD}attP40; P{y[+t7.7] w[+mC]=R48H01-GAL4.DBD}attP2
,SS48649,SS48649,local,?,SS48649,Adult,Ryo Minegishi,Dickson,1,N,This paper,This paper,3029086,LBL35,,GMR_18G08-x-VT063314,"w[1118]; P{y[+t7.7] w[+mC]=R18G08-p65.AD}attP40/CyO, P{w[+mC]=2xTb[1]-RFP}CyO; P{y[+t7.7] w[+mC]=VT063314-GAL4.DBD}attP2"
,SS49172,SS49172,local,10B/08B,SS49172,Adult,Ryo Minegishi,Dickson,1,N,10.25378/janelia.23726103,Minegishi; 2023,3030363,LBA13,,VT049120-x-VT008188,w[1118]; P{y[+t7.7] w[+mC]=VT049120-p65.AD}attP40; P{y[+t7.7] w[+mC]=VT008188-GAL4.DBD}attP2
,SS49190,SS49190,local,20A?,SS49190,Adult,Ryo Minegishi,Dickson,1,N,This paper,This paper,3032073,LUL9,,VT063982-x-GMR_17H12,"w[1118]; P{y[+t7.7] w[+mC]=VT063982-p65.AD}attP40/CyO, P{w[+mC]=2xTb[1]-RFP}CyO; P{y[+t7.7] w[+mC]=R17H12-GAL4.DBD}attP2/TM6B, Tb[1]"
,SS49220,SS49220,local,13A?,SS49220,Adult,Ryo Minegishi,Dickson,1,N,This paper,This paper,3030365,"LUL114, LUL116",,VT064246-x-VT050139,w[1118]; P{y[+t7.7] w[+mC]=VT064246-p65.AD}attP40; P{y[+t7.7] w[+mC]=VT050139-GAL4.DBD}attP2
maybe the tibia flexor-targeting 14A neuron,SS49978,SS49978,local,14A,SS49978,Adult,Ryo Minegishi,Dickson,1,N,This paper,This paper,3029093,LUL15,,VT037575-x-VT032228,w[1118]; P{y[+t7.7] w[+mC]=VT037575-p65.AD}attP40; P{y[+t7.7] w[+mC]=VT032228-GAL4.DBD}attP2
,SS49978,SS49978,local,,SS49978,Adult,Ryo Minegishi,Dickson,1,N,This paper,This paper,3029093,LUL15,,VT037575-x-VT032228,w[1118]; P{y[+t7.7] w[+mC]=VT037575-p65.AD}attP40; P{y[+t7.7] w[+mC]=VT032228-GAL4.DBD}attP2
,SS50022,SS50022,local,08A/16B,SS50022,Adult,Ryo Minegishi,Dickson,2,N,This paper,This paper,3028552,LUL62,,VT023810-x-VT039623,"w[1118]; P{y[+t7.7] w[+mC]=VT023810-p65.AD}attP40; P{y[+t7.7] w[+mC]=VT039623-GAL4.DBD}attP2/TM6B, Tb[1]"
,SS50195,SS50195,leg MN,LTM,SS50195,Adult,Kaiyu Wang,Dickson,2,N,This paper,This paper,3030255,"AN, vlpr_LN",,GMR_70E08-x-GMR_76E09,"w[1118]; P{y[+t7.7] w[+mC]=R70E08-p65.AD}attP40; P{y[+t7.7] w[+mC]=R76E09-GAL4.DBD}attP2/TM6B, Tb[1]"
,SS50207,SS50207,inter,11A,SS50207,Adult,Kaiyu Wang,Dickson,1,N,This paper,This paper,3028341,vpoDN,5813057864,GMR_31D07-x-VT045670,w[1118]; P{y[+t7.7] w[+mC]=R31D07-p65.AD}attP40; P{y[+t7.7] w[+mC]=VT045670-GAL4.DBD}attP2
,SS50245,SS50245,local,16B,SS50245,Adult,Kaiyu Wang,Dickson,2,N,10.1016/j.cub.2024.01.015,Lillvis; 2023,3029795,WN_LN_mixed,,GMR_77C10-x-GMR_20A03,"w[1118]; P{y[+t7.7] w[+mC]=R77C10-p65.AD}attP40; P{y[+t7.7] w[+mC]=R20A03-GAL4.DBD}attP2/TM6B, Tb[1]"
,SS50281,SS50281,inter,T1,SS50281,Adult,Ryo Minegishi,Dickson,2,N,This paper,This paper,3036760,LUL164,,VT057295-x-GMR_85G10,"w[1118]; P{y[+t7.7] w[+mC]=VT057295-p65.AD}attP40; P{y[+t7.7] w[+mC]=R85G10-GAL4.DBD}attP2/TM6B, Tb[1]"
,SS50281,SS50281,inter,T1,SS50281,Adult,Ryo Minegishi,Dickson,2,N,This paper,This paper,3036760,LUL164,,VT057295-x-GMR_85G10,"w[1118]; P{y[+t7.7] w[+mC]=VT057295-p65.AD}attP40; P{y[+t7.7] w[+mC]=R85G10-GAL4.DBD}attP2/TM6B, Tb[1]"
,SS50329,SS50329,local,14A,SS50329,Adult,Ryo Minegishi,Dickson,1,N,This paper,This paper,3034267,"LUL31, LUL32",,GMR_85G10-x-VT025930,w[1118]; P{y[+t7.7] w[+mC]=R85G10-p65.AD}attP40; P{y[+t7.7] w[+mC]=VT025930-GAL4.DBD}attP2
,SS50814,SS50814,local,16B,SS50814,Adult,Ryo Minegishi,Dickson,2,N,This paper,This paper,3030413,"LBA60, LBL42",,VT044650-x-VT021799,w[1118]; P{y[+t7.7] w[+mC]=VT044650-p65.AD}attP40; P{y[+t7.7] w[+mC]=VT021799-GAL4.DBD}attP2
,SS50965,SS50965,local,08A?,SS50965,Adult,Ryo Minegishi,Dickson,1,N,This paper,This paper,3030781,LUL124,,VT020956-x-VT050105,"w[1118]; P{y[+t7.7] w[+mC]=VT020956-p65.AD}attP40/CyO, P{w[+mC]=2xTb[1]-RFP}CyO; P{y[+t7.7] w[+mC]=VT050105-GAL4.DBD}attP2"
,SS50975,SS50975,local,08A?,SS50975,Adult,Ryo Minegishi,Dickson,1,N,10.1038/s41467-020-19936-x,Feng; 2020,3030470,LUL130,,VT062245-x-VT021374,w[1118]; P{y[+t7.7] w[+mC]=VT062245-p65.AD}attP40; P{y[+t7.7] w[+mC]=VT021374-GAL4.DBD}attP2
,SS50996,SS50996,leg MN,acc tibia flexor,SS50996,Adult,Ryo Minegishi,Dickson,2,N,10.1038/s41467-020-19936-x,Feng; 2020,3030479,MN,,GMR_31H05-x-VT011123,w[1118]; P{y[+t7.7] w[+mC]=R31H05-p65.AD}attP40; P{y[+t7.7] w[+mC]=VT011123-GAL4.DBD}attP2
,SS51006,SS51006,inter,?,SS51006,Adult,Ryo Minegishi,Dickson,1,N,This paper,This paper,3031598,,,GMR_94E11-x-VT012717,w[1118]; P{y[+t7.7] w[+mC]=R94E11-p65.AD}attP40; P{y[+t7.7] w[+mC]=VT012717-GAL4.DBD}attP2
,SS51017,SS51017,local/asc,?,SS51017,Adult,Ryo Minegishi,Dickson,1,N,10.25378/janelia.23726103,Minegishi; 2023,3030416,"LBA1, LUA14",,VT005404-x-VT027767,w[1118]; P{y[+t7.7] w[+mC]=VT005404-p65.AD}attP40; P{y[+t7.7] w[+mC]=VT027767-GAL4.DBD}attP2
,SS51038,SS51038,asc,nociceptor?,SS51038,Adult,Ryo Minegishi,Dickson,1,N,10.25378/janelia.23726103,Minegishi; 2023,3031587,"LBA51, LBA53",,VT030558-x-VT001497,"w[1118]; P{y[+t7.7] w[+mC]=VT030558-p65.AD}attP40/CyO, P{w[+mC]=2xTb[1]-RFP}CyO; P{y[+t7.7] w[+mC]=VT001497-GAL4.DBD}attP2"
,SS51734,SS51734,local,22A,SS51734,Adult,Kaiyu Wang,Dickson,2,N,This paper,This paper,3029670,SEZ_LN,,VT023795-x-VT016116,w[1118]; P{y[+t7.7] w[+mC]=VT023795-p65.AD}attP40; P{y[+t7.7] w[+mC]=VT016116-GAL4.DBD}attP2
,SS51817,SS51817,local,T2,SS51817,Adult,Ryo Minegishi,Dickson,1,N,10.1038/s41467-020-19936-x,Feng; 2020,3031421,LUL130,,VT024602-x-VT021374,w[1118]; P{y[+t7.7] w[+mC]=VT024602-p65.AD}attP40; P{y[+t7.7] w[+mC]=VT021374-GAL4.DBD}attP2
,SS51874,SS51874,leg MN,trochanter flexor,SS51874,Adult,Ryo Minegishi,Dickson,1,N,This paper,This paper,3031802,MN,,GMR_23C02-x-VT045565,w[1118]; P{y[+t7.7] w[+mC]=R23C02-p65.AD}attP40; P{y[+t7.7] w[+mC]=VT045565-GAL4.DBD}attP2
,SS51877,SS51877,local,ant soma,SS51877,Adult,Ryo Minegishi,Dickson,2,N,10.1038/s41467-020-19936-x,Feng; 2020,3031825,LUL24,,GMR_23G01-x-VT037810,w[1118]; P{y[+t7.7] w[+mC]=R23G01-p65.AD}attP40; P{y[+t7.7] w[+mC]=VT037810-GAL4.DBD}attP2
,SS51893,SS51893,local,16B?,SS51893,Adult,Ryo Minegishi,Dickson,1,N,This paper,This paper,3030793,"LUL121, LUL123",,GMR_31F10-x-GMR_49C05,w; 31F10-p65ADZp in attP40; 49C05-ZpGdbd in attP2
,SS52179,SS52179,local,08A,SS52179,Adult,Ryo Minegishi,Dickson,2,N,This paper,This paper,3031806,LUL116,,GMR_23E04-x-VT019841,w[1118]; P{y[+t7.7] w[+mC]=R23E04-p65.AD}JK22C; P{y[+t7.7] w[+mC]=VT019841-GAL4.DBD}attP2
,SS53029,SS53029,inter,?,SS53029,Adult,Ryo Minegishi,Dickson,2,N,10.1038/s41467-020-19936-x,Feng; 2020,3034258,"LBL22, LUI4",,GMR_24E12-x-VT019345,w[1118]; P{y[+t7.7] w[+mC]=R24E12-p65.AD}attP40; P{y[+t7.7] w[+mC]=VT019345-GAL4.DBD}attP2
,SS53030,SS53030,local,?,SS53030,Adult,Ryo Minegishi,Dickson,2,N,10.1038/s41467-020-19936-x,Feng; 2020,3034259,"LBL22, LBL41",,GMR_24E12-x-VT048146,w[1118]; P{y[+t7.7] w[+mC]=R24E12-p65.AD}attP40; P{y[+t7.7] w[+mC]=VT048146-GAL4.DBD}attP2
,SS53050,SS53050,leg MN,acc tibia flexor,SS53050,Adult,Ryo Minegishi,Dickson,1,N,10.1038/s41467-020-19936-x,Feng; 2020,3034264,MN,,GMR_81A04-x-GMR_81A06,w[1118]; P{y[+t7.7] w[+mC]=R81A04-p65.AD}attP40; P{y[+t7.7] w[+mC]=R81A06-GAL4.DBD}attP2
,SS53141,SS53141,inter,11A,SS53141,Adult,Aljoscha Nern,Rubin,1,N,10.1101/2023.10.16.562634,Zhao; 2023,3030075,LPi2b,,GMR_91C05-x-VT049130,"w[1118]; P{y[+t7.7] w[+mC]=R91C05-p65.AD}attP40/CyO, P{w[+mC]=2xTb[1]-RFP}CyO; P{y[+t7.7] w[+mC]=VT049130-GAL4.DBD}attP2/TM6B, Tb[1]"
,SS53493,SS53493,local,?,SS53493,Adult,Ryo Minegishi,Dickson,2,N,This paper,This paper,3035824,"LUL64, LUL65",,VT044650-x-VT013602,w[1118]; P{y[+t7.7] w[+mC]=VT044650-p65.AD}attP40; P{y[+t7.7] w[+mC]=VT013602-GAL4.DBD}attP2
,SS53822,SS53822,local/asc,?,SS53822,Adult,Ryo Minegishi,Dickson,2,N,This paper,This paper,3034162,LUA1,,VT008452-x-VT055826,"w[1118]; P{y[+t7.7] w[+mC]=VT008452-p65.AD}attP40; P{y[+t7.7] w[+mC]=VT055826-GAL4.DBD}attP2/TM6B, Tb[1]"
,SS53940,SS53940,local,14A,SS53940,Adult,Ryo Minegishi,Dickson,1,N,This paper,This paper,3035827,LUL34,,VT065320-x-GMR_87G04,"w[1118]; P{y[+t7.7] w[+mC]=VT065320-p65.AD}attP40/CyO, P{w[+mC]=2xTb[1]-RFP}CyO; P{y[+t7.7] w[+mC]=R87G04-GAL4.DBD}attP2"
,SS54102,SS54102,local,14A,SS54102,Adult,Kaiyu Wang,Dickson,2,N,This paper,This paper,3030060,VNC_LN,,VT028452-x-VT000606,w[1118]; P{y[+t7.7] w[+mC]=VT028452-p65.AD}attP40; P{y[+t7.7] w[+mC]=VT000606-GAL4.DBD}attP2
,SS54144,SS54144,local,01B?,SS54144,Adult,Kaiyu Wang,Dickson,1,N,This paper,This paper,3030084,T1_LN,,VT044959-x-VT017645,w[1118]; P{y[+t7.7] w[+mC]=VT044959-p65.AD}attP40; P{y[+t7.7] w[+mC]=VT017645-GAL4.DBD}attP2
,SS54173,SS54173,inter,18B,SS54173,Adult,Kaiyu Wang,Dickson,1,N,This paper,This paper,3030227,VNC,,VT048942-x-VT026179,w[1118]; P{y[+t7.7] w[+mC]=VT048942-p65.AD}attP40; P{y[+t7.7] w[+mC]=VT026179-GAL4.DBD}attP2
,SS54183,SS54183,local,01B,SS54183,Adult,Kaiyu Wang,Dickson,1,N,This paper,This paper,3029981,T1_LN,,VT017645-x-VT044959,"w[1118]; P{y[+t7.7] w[+mC]=VT017645-p65.AD}attP40; P{y[+t7.7] w[+mC]=VT044959-GAL4.DBD}attP2/TM6B, Tb[1]"
,SS54203,SS54203,inter,11A,SS54203,Adult,Kaiyu Wang,Dickson,1,N,This paper,This paper,3030058,VNC_LN,,VT044959-x-VT038111,w[1118]; P{y[+t7.7] w[+mC]=VT044959-p65.AD}attP40; P{y[+t7.7] w[+mC]=VT038111-GAL4.DBD}attP2
,SS56994,SS56994,local,13A,SS56994,Adult,Ryo Minegishi,Dickson,2,N,This paper,This paper,3030412,"LUL94, LUL95, LUL110",,GMR_15A05-x-VT057224,"w[1118]; P{y[+t7.7] w[+mC]=R15A05-p65.AD}attP40/CyO, P{w[+mC]=2xTb[1]-RFP}CyO; P{y[+t7.7] w[+mC]=VT057224-GAL4.DBD}attP2"
Not presynaptic to flexors?,SS57877,SS57877,local,20A,SS57877,Adult,Kaiyu Wang,Dickson,2,N,10.1038/s41586-020-2972-7,"Wang, Wang; 2021",3030964,vpoIN,,VT058716-x-VT008473,w; VT058716-p65ADZp in attP40/CyO::Tb-RFP; VT008473-ZpGdbd in attP2/TM6B
Presynaptic to flexors?,SS57878,SS57878,local,20A,SS57878,Adult,Kaiyu Wang,Dickson,2,N,10.1038/s41586-020-2972-7,"Wang, Wang; 2021",3030965,vpoIN,,GMR_12D09-x-VT008473,w; 12D09-p65ADZp in attP40; VT008473-ZpGdbd in attP2
,SS57941,SS57941,local,08A,SS57941,Adult,Ryo Minegishi,Dickson,1,N,10.1038/s41467-020-19936-x,Feng; 2020,3032060,"LBA39, LUL62",,VT049362-x-VT021374,w[1118]; P{y[+t7.7] w[+mC]=VT049362-p65.AD}attP40; P{y[+t7.7] w[+mC]=VT021374-GAL4.DBD}attP2
,SS57948,SS57948,inter,?,SS57948,Adult,Ryo Minegishi,Dickson,2,N,This paper,This paper,3032064,"LBI65, LBI66",,VT058873-x-VT045591,"w[1118]; P{y[+t7.7] w[+mC]=VT058873-p65.AD}attP40; P{y[+t7.7] w[+mC]=VT045591-GAL4.DBD}attP2/TM6B, Tb[1]"
,SS57954,SS57954,inter,?,SS57954,Adult,Ryo Minegishi,Dickson,2,N,10.1038/s41467-020-19936-x,Feng; 2020,3032049,LUI22,,VT029814-x-VT025717,w[1118]; P{y[+t7.7] w[+mC]=VT029814-p65.AD}attP40; P{y[+t7.7] w[+mC]=VT025717-GAL4.DBD}attP2
,SS58002,SS58002,inter,?,SS58002,Adult,Ryo Minegishi,Dickson,2,N,10.1038/s41467-020-19936-x,Feng; 2020,3032069,"LBL37, LUL152",,VT045608-x-GMR_70B03,w[1118]; P{y[+t7.7] w[+mC]=VT045608-p65.AD}attP40; P{y[+t7.7] w[+mC]=R70B03-GAL4.DBD}attP2
,SS58839,SS58839,local,13B,SS58839,Adult,Ryo Minegishi,Dickson,1,N,This paper,This paper,3031836,"LUL14, LUL15, LUL20",,VT032228-x-GMR_26B10,w[1118]; P{y[+t7.7] w[+mC]=VT032228-p65.AD}attP40; P{y[+t7.7] w[+mC]=R26B10-GAL4.DBD}attP2
,SS59173,SS59173,local,20A,SS59173,Adult,Ryo Minegishi,Dickson,2,N,This paper,This paper,3035812,"LUL50, LUL55",,VT019902-x-VT047171,w[1118]; P{y[+t7.7] w[+mC]=VT019902-p65.AD}attP40; P{y[+t7.7] w[+mC]=VT047171-GAL4.DBD}attP2
,SS59229,SS59229,local,?,SS59229,Adult,Ryo Minegishi,Dickson,1,N,10.1038/s41467-020-19936-x,Feng; 2020,3034190,LBL34,,VT033282-x-GMR_75H07,w[1118]; P{y[+t7.7] w[+mC]=VT033282-p65.AD}attP40; P{y[+t7.7] w[+mC]=R75H07-GAL4.DBD}attP2
,SS59230,SS59230,inter,01B,SS59230,Adult,Ryo Minegishi,Dickson,1,N,10.1038/s41467-020-19936-x,Feng; 2020,3035835,"LBI58, LBL34, LBL51",,VT012719-x-GMR_75H07,w[1118]; P{y[+t7.7] w[+mC]=VT012719-p65.AD}attP40; P{y[+t7.7] w[+mC]=R75H07-GAL4.DBD}attP2
,SS59903,SS59903,inter,wing,SS59903,Adult,Kaiyu Wang,Dickson,2,Y,This paper,This paper,3032280,WN_LN_mixed,,VT043168-x-BJD_dsx,"w[1118]; P{y[+t7.7] w[+mC]=VT043168-p65.AD}attP2 TI{GAL4(DBD)::Zip-}dsx[GAL4(DBD)::Zip-]/TM6B, Tb[1]"
possible 21A or 19A?,SS60231,SS60231,local,21A?,SS60231,Adult,Ryo Minegishi,Dickson,2,N,This paper,This paper,3034178,"LUL149, LUL171, LUL172, LUL173",,VT006555-x-VT047169,w[1118]; P{y[+t7.7] w[+mC]=VT006555-p65.AD}attP40; P{y[+t7.7] w[+mC]=VT047169-GAL4.DBD}attP2
,SS60232,SS60232,local,21A?,SS60232,Adult,Ryo Minegishi,Dickson,2,N,10.1038/s41467-020-19936-x,Feng; 2020,3036733,"LUL130, LUL163, LUL173",,VT006555-x-VT002075,"w[1118]; P{y[+t7.7] w[+mC]=VT006555-p65.AD}attP40; P{y[+t7.7] w[+mC]=VT002075-GAL4.DBD}attP2/TM6B, Tb[1]"
,SS60234,SS60234,local,21A? medial tract,SS60234,Adult,Ryo Minegishi,Dickson,1,N,10.1038/s41467-020-19936-x,Feng; 2020,3034179,"LUL112, LUL173",,VT006555-x-VT050105,w[1118]; P{y[+t7.7] w[+mC]=VT006555-p65.AD}attP40; P{y[+t7.7] w[+mC]=VT050105-GAL4.DBD}attP2
,SS60240,SS60240,local,08A?,SS60240,Adult,Ryo Minegishi,Dickson,2,N,This paper,This paper,3034248,"LUL129, LUL171, LUL173",,VT007752-x-VT019023,w[1118]; P{y[+t7.7] w[+mC]=VT007752-p65.AD}attP40; P{y[+t7.7] w[+mC]=VT019023-GAL4.DBD}attP2
,SS60607,SS60607,local,12B?,SS60607,Adult,Ryo Minegishi,Dickson,1,N,This paper,This paper,3034209,LUL148,,VT016795-x-VT048843,w[1118]; P{y[+t7.7] w[+mC]=VT016795-p65.AD}attP40; P{y[+t7.7] w[+mC]=VT048843-GAL4.DBD}attP2
,SS60624,SS60624,local,12B?,SS60624,Adult,Ryo Minegishi,Dickson,1,N,This paper,This paper,3034236,LUL148,,VT026771-x-VT016795,w[1118]; P{y[+t7.7] w[+mC]=VT026771-p65.AD}attP40; P{y[+t7.7] w[+mC]=VT016795-GAL4.DBD}attP2
,SS61350,SS61350,leg MN,femur ltm,SS61350,Adult,Kaiyu Wang,Dickson,1,N,This paper,This paper,3034155,VNC_MN,,VT057379-x-GMR_20C08,w[1118]; P{y[+t7.7] w[+mC]=VT057379-p65.AD}attP40; P{y[+t7.7] w[+mC]=R20C08-GAL4.DBD}attP2
Likely 3A connected to tibia flexor,SS61810,SS61810,local,03A,SS61810,Adult,Kaiyu Wang,Dickson,1,N,This paper,This paper,3034152,T1_LN,,VT058688-x-VT037491,w[1118]; P{y[+t7.7] w[+mC]=VT058688-p65.AD}attP40; P{y[+t7.7] w[+mC]=VT037491-GAL4.DBD}attP2
,SS61836,SS61836,local,20A,SS61836,Adult,Kaiyu Wang,Dickson,1,0,This paper,This paper,3034141,VNC_LN,,VT044843-x-VT050248,"w[1118]; P{y[+t7.7] w[+mC]=VT044843-p65.AD}attP40/CyO, P{w[+mC]=2xTb[1]-RFP}CyO; P{y[+t7.7] w[+mC]=VT050248-GAL4.DBD}attP2"
,SS62120,SS62120,leg MN,fe reductor,SS62120,Adult,Ryo Minegishi,Dickson,2,N,This paper,This paper,3035794,MN,,VT045148-x-VT034804,"w[1118]; P{y[+t7.7] w[+mC]=VT045148-p65.AD}attP40/CyO, P{w[+mC]=2xTb[1]-RFP}CyO; P{y[+t7.7] w[+mC]=VT034804-GAL4.DBD}attP2"
,SS62706,SS62706,leg MN,?,SS62706,Adult,Ryo Minegishi,Dickson,2,N,This paper,This paper,3035814,MN,,VT063539-x-VT064565,"w[1118]; P{y[+t7.7] w[+mC]=VT063539-p65.AD}attP40/CyO, P{w[+mC]=2xTb[1]-RFP}CyO; P{y[+t7.7] w[+mC]=VT064565-GAL4.DBD}attP2"
,SS63845,SS63845,local,22A?,SS63845,Adult,Ryo Minegishi,Dickson,2,N,This paper,This paper,3035834,LUL48,,VT008452-x-GMR_76E09,w[1118]; P{y[+t7.7] w[+mC]=VT008452-p65.AD}attP40; P{y[+t7.7] w[+mC]=R76E09-GAL4.DBD}attP2
,SS64190,SS64190,local,08A medial tract?,SS64190,Adult,Ryo Minegishi,Dickson,2,N,10.1038/s41467-020-19936-x,Feng; 2020,3035802,"LUL130, LUL141, LUL175",,VT009674-x-VT021842,"w[1118]; P{y[+t7.7] w[+mC]=VT009674-p65.AD}attP40/CyO, P{w[+mC]=2xTb[1]-RFP}CyO; P{y[+t7.7] w[+mC]=VT021842-GAL4.DBD}attP2"
,SS65285,SS65285,local,13A?,SS65285,Adult,Tanya Wolff,Rubin,2,N,"Wolff et al., in prep",Wolff; 2024,3043991,,,VT016996-x-GMR_34A10,w[1118]; P{y[+t7.7] w[+mC]=VT016996-p65.AD}attP40; P{y[+t7.7] w[+mC]=R34A10-GAL4.DBD}attP2
,SS65331,SS65331,inter,12B,SS65331,Adult,Tanya Wolff,Rubin,2,N,"Wolff et al., in prep",Wolff; 2024,3043903,,,GMR_14G10-x-VT032906,w[1118]; P{y[+t7.7] w[+mC]=R14G10-p65.AD}attP40; P{y[+t7.7] w[+mC]=VT032906-GAL4.DBD}attP2
,SS65397,SS65397,inter,T1,SS65397,Adult,Jens Goldammer,Rubin,2,N,This paper,This paper,3039275,PVLP143,,GMR_24A02-x-VT030541,"w[1118]; P{y[+t7.7] w[+mC]=R24A02-p65.AD}attP40/CyO; P{y[+t7.7] w[+mC]=VT030541-GAL4.DBD}attP2/TM6B, Tb[1]"
,SS65693,SS65693,local/asc,,SS65693,Adult,Ryo Minegishi,Dickson,1,N,This paper,This paper,3036516,,,GMR_48G01-x-VT012438,w[1118]; P{y[+t7.7] w[+mC]=R48G01-p65.AD}attP40; P{y[+t7.7] w[+mC]=VT012438-GAL4.DBD}attP2
,SS66145,SS66145,leg MN,"tibia ltm, mutiple",SS66145,Adult,DI,DI,2,N,This paper,This paper,3037169,NMN,,GMR_39E01-x-GMR_22H10,"w[1118]; P{y[+t7.7] w[+mC]=R39E01-p65.AD}attP40/CyO, P{w[+mC]=2xTb[1]-RFP}CyO; P{y[+t7.7] w[+mC]=R22H10-GAL4.DBD}attP2"
,SS66754,SS66754,leg MN,fe reductor?,SS66754,Adult,Jens Goldammer,Rubin,2,N,This paper,This paper,3039123,IB038,,VT016841-x-GMR_95F09,"w[1118]; P{y[+t7.7] w[+mC]=VT016841-p65.AD}attP40; P{y[+t7.7] w[+mC]=R95F09-GAL4.DBD}attP2/T(2;3)B3, CyO: TM6B, Tb[1]"
possible 22A,SS67323,SS67323,local,22A? medial tract,SS67323,Adult,Ryo Minegishi,Dickson,2,N,10.1038/s41467-020-19936-x,Feng; 2020,3036596,LUI15,,VT014336-x-GMR_20F06,"w[1118]; P{y[+t7.7] w[+mC]=VT014336-p65.AD}attP40/CyO, P{w[+mC]=2xTb[1]-RFP}CyO; P{y[+t7.7] w[+mC]=R20F06-GAL4.DBD}attP2"
possible 22A,SS67324,SS67324,local,22A? medial tract,SS67324,Adult,Ryo Minegishi,Dickson,2,Y,10.1038/s41467-020-19936-x,Feng; 2020,3036533,LUI15,,VT014336-x-GMR_81A06,w[1118]; P{y[+t7.7] w[+mC]=VT014336-p65.AD}attP40; P{y[+t7.7] w[+mC]=R81A06-GAL4.DBD}attP2
,SS67325,SS67325,local/asc,?,SS67325,Adult,Ryo Minegishi,Dickson,1,N,This paper,This paper,3036548,DN,,VT020600-x-VT043788,w[1118]; P{y[+t7.7] w[+mC]=VT020600-p65.AD}attP40; P{y[+t7.7] w[+mC]=VT043788-GAL4.DBD}attP2
,SS67423,SS67423,local,22A? medial tract,SS67423,Adult,Ryo Minegishi,Dickson,1,N,10.1038/s41467-020-19936-x,Feng; 2020,3036534,LUI15,,GMR_20F06-x-GMR_81A06,w[1118]; P{y[+t7.7] w[+mC]=R20F06-p65.AD}attP40; P{y[+t7.7] w[+mC]=R81A06-GAL4.DBD}attP2
,SS67451,SS67451,inter/asc,?,SS67451,Adult,Ryo Minegishi,Dickson,2,N,This paper,This paper,3036546,LBA35,,GMR_44A08-x-VT057282,w[1118]; P{y[+t7.7] w[+mC]=R44A08-p65.AD}attP40; P{y[+t7.7] w[+mC]=VT057282-GAL4.DBD}attP2
,SS67466,SS67466,leg MN,?,SS67466,Adult,Ryo Minegishi,Dickson,2,N,10.1038/s41467-020-19936-x,Feng; 2020,3036526,LBI70,,GMR_65E11-x-VT000353,w[1118]; P{y[+t7.7] w[+mC]=R65E11-p65.AD}attP40; P{y[+t7.7] w[+mC]=VT000353-GAL4.DBD}attP2
,SS67473,SS67473,local,22A? medial tract,SS67473,Adult,Ryo Minegishi,Dickson,2,N,This paper,This paper,3036538,LUI15,,GMR_82F02-x-VT014336,w[1118]; P{y[+t7.7] w[+mC]=R82F02-p65.AD}attP40; P{y[+t7.7] w[+mC]=VT014336-GAL4.DBD}attP2
,SS67476,SS67476,local,22A? medial tract,SS67476,Adult,Ryo Minegishi,Dickson,2,N,This paper,This paper,3036532,LUI15,,GMR_82F02-x-GMR_81A06,w[1118]; P{y[+t7.7] w[+mC]=R82F02-p65.AD}attP40; P{y[+t7.7] w[+mC]=R81A06-GAL4.DBD}attP2
,SS67641,SS67641,local,,SS67641,Adult,Gerry Rubin,Rubin,2,N,This paper,This paper,3036661,MBON20,,GMR_24A06-x-VT049978,w[1118]; P{y[+t7.7] w[+mC]=R24A06-p65.AD}attP40; P{y[+t7.7] w[+mC]=VT049978-GAL4.DBD}attP2
,SS68285,SS68285,inter,08B?,SS68285,Adult,Ryo Minegishi,Dickson,2,N,This paper,This paper,3037104,LBI26,,GMR_75H04-x-GMR_22F05,w[1118]; P{y[+t7.7] w[+mC]=R75H04-p65.AD}attP40; P{y[+t7.7] w[+mC]=R22F05-GAL4.DBD}attP2
,SS68443,SS68443,local,4B,SS68443,Adult,Ryo Minegishi,Dickson,1,N,This paper,This paper,3037087,,,VT046053-x-GMR_53G01,"w[1118]; P{y[+t7.7] w[+mC]=VT046053-p65.AD}attP40/CyO, P{w[+mC]=2xTb[1]-RFP}CyO; P{y[+t7.7] w[+mC]=R53G01-GAL4.DBD}attP2/TM6B, Tb[1]"
,SS68544,SS68544,inter,?,SS68544,Adult,Ryo Minegishi,Dickson,1,N,This paper,This paper,3037086,LBL11,,GMR_16E12-x-GMR_61G12,"w[1118]; P{y[+t7.7] w[+mC]=R16E12-p65.AD}attP40/CyO, P{w[+mC]=2xTb[1]-RFP}CyO; P{y[+t7.7] w[+mC]=R61G12-GAL4.DBD}attP2"
,SS68719,SS68719,local,13B,SS68719,Adult,Ryo Minegishi,Dickson,1,N,This paper,This paper,3040402,LUL34,,VT038448-x-VT040713,w[1118]; P{y[+t7.7] w[+mC]=VT038448-p65.AD}attP40; P{y[+t7.7] w[+mC]=VT040713-GAL4.DBD}attP2
,SS69586,SS69586,sensory?,bCS,SS69586,Adult,Ryo Minegishi,Dickson,1,N,This paper,This paper,3037855,SN_mixed,,VT058548-x-VT065303,w[1118]; P{y[+t7.7] w[+mC]=VT058548-p65.AD}attP40; P{y[+t7.7] w[+mC]=VT065303-GAL4.DBD}attP2
,SS69904,SS69904,local,"neck, dorsal",SS69904,Adult,Tanya Wolff,Rubin,2,N,"Wolff et al., in prep",Wolff; 2024,3040690,,,GMR_50G08-x-VT000605,w[1118]; P{y[+t7.7] w[+mC]=R50G08-p65.AD}attP40; P{y[+t7.7] w[+mC]=VT000605-GAL4.DBD}attP2
,SS70425,SS70425,local,03B?,SS70425,Adult,Ryo Minegishi,Dickson,2,N,This paper,This paper,3040190,,,GMR_82F02-x-GMR_20F06,w[1118]; P{y[+t7.7] w[+mC]=R82F02-p65.AD}attP40; P{y[+t7.7] w[+mC]=R20F06-GAL4.DBD}attP2
,SS70902,SS70902,leg MN,?,SS70902,Adult,Tanya Wolff,Rubin,2,N,"Wolff et al., in prep",Wolff; 2024,3043178,FB2F_a?,,GMR_45F09-x-VT009849,"w[1118]; P{y[+t7.7] w[+mC]=R45F09-p65.AD}attP40; P{y[+t7.7] w[+mC]=VT009849-GAL4.DBD}attP2/TM6B, Tb[1]"
,SS74639,SS74639,local,?,SS74639,Adult,Ryo Minegishi,Dickson,1,N,This paper,This paper,3042510,LUL10,,GMR_23E11-x-VT046776,"w[1118]; P{y[+t7.7] w[+mC]=R23E11-p65.AD}attP40/CyO, P{w[+mC]=2xTb[1]-RFP}CyO; P{y[+t7.7] w[+mC]=VT046776-GAL4.DBD}attP2"
,SS75751,SS75751,local/asc,?,SS75751,Adult,Aljoscha Nern,Rubin,1,N,This paper,This paper,3043372,PLP052,,VT064581-x-VT028144,w[1118]; P{y[+t7.7] w[+mC]=VT064581-p65.AD}attP40; P{y[+t7.7] w[+mC]=VT028144-GAL4.DBD}attP2
,SS75840,SS75840,local,13B,SS75840,Adult,Aljoscha Nern,Rubin,2,N,"Dionne et al., in prep",Dionne; 2024,,,,GMR_76E09-x-GMR_49C12,w; 76E09-p65ADZp in attP40; 49C12-ZpGdbd in attP2
,SS75840,SS75840,local,13B,SS75840,Adult,Aljoscha Nern,Rubin,2,N,"Dionne et al., in prep",Dionne; 2024,,,,GMR_76E09-x-GMR_49C12,w; 76E09-p65ADZp in attP40; 49C12-ZpGdbd in attP2
,SS76692,SS76692,local,08A?,SS76692,Adult,Ryo Minegishi,Dickson,2,N,This paper,This paper,3043349,,,GMR_52H01-x-VT034804,w[1118]; P{y[+t7.7] w[+mC]=R52H01-p65.AD}attP40; P{y[+t7.7] w[+mC]=VT034804-GAL4.DBD}attP2
,SS79279,SS79279,local,?,SS79279,Adult,Ryo Minegishi,Dickson,2,N,This paper,This paper,3042237,,,VT008469-x-VT017683,w[1118]; P{y[+t7.7] w[+mC]=VT008469-p65.AD}attP40; P{y[+t7.7] w[+mC]=VT017683-GAL4.DBD}attP2
,SS79321,SS79321,local,22A?,SS79321,Adult,Ryo Minegishi,Dickson,1,N,This paper,This paper,3043647,LUL84,,GMR_80G10-x-GMR_89B12,w[1118]; P{y[+t7.7] w[+mC]=R80G10-p65.AD}attP40; P{y[+t7.7] w[+mC]=R89B12-GAL4.DBD}attP2
,SS79461,SS79461,local/asc,?,SS79461,Adult,Ryo Minegishi,Dickson,3,N,This paper,This paper,3043981,,,GMR_20G06-x-GMR_22G11,"w[1118]; P{y[+t7.7] w[+mC]=R20G06-p65.AD}attP40/CyO, P{w[+mC]=2xTb[1]-RFP}CyO; P{y[+t7.7] w[+mC]=R22G11-GAL4.DBD}attP2"
,SS79515,SS79515,local/asc,?,SS79515,Adult,Ryo Minegishi,Dickson,2,N,This paper,This paper,3042846,,,GMR_33G04-x-GMR_21D04,w[1118]; P{y[+t7.7] w[+mC]=R33G04-p65.AD}attP40; P{y[+t7.7] w[+mC]=R21D04-GAL4.DBD}attP2
,SS80093,SS80093,local,13B,SS80093,Adult,Ryo Minegishi,Dickson,2,N,This paper,This paper,3042758,LUL42,,GMR_20G06-x-GMR_94E11,"w[1118]; P{y[+t7.7] w[+mC]=R20G06-p65.AD}attP40/CyO, P{w[+mC]=2xTb[1]-RFP}CyO; P{y[+t7.7] w[+mC]=R94E11-GAL4.DBD}attP2/TM6B, Tb[1]"
,SS80251,SS80251,inter,?,SS80251,Adult,Ryo Minegishi,Dickson,1,N,This paper,This paper,3042387,"LUI2, LUI17",,GMR_54H04-x-GMR_28H03,"w[1118]; P{y[+t7.7] w[+mC]=R54H04-p65.AD}attP40; P{y[+t7.7] w[+mC]=R28H03-GAL4.DBD}attP2/TM6B, Tb[1]"
,SS80260,SS80260,local,08A,SS80260,Adult,Ryo Minegishi,Dickson,1,N,This paper,This paper,3042781,LUL147,,GMR_11C07-x-GMR_22F05,w[1118]; P{y[+t7.7] w[+mC]=R11C07-p65.AD}attP40; P{y[+t7.7] w[+mC]=R22F05-GAL4.DBD}attP2
,SS80940,SS80940,local,22A,SS80940,Adult,Gerry Rubin,Rubin,2,N,This paper,This paper,3040714,unknown cell type,,VT046052-x-VT026189,w[1118]; P{y[+t7.7] w[+mC]=VT046052-p65.AD}attP40; P{y[+t7.7] w[+mC]=VT026189-GAL4.DBD}attP2
,SS80940,SS80940,local,22A?,SS80940,Adult,Gerry Rubin,Rubin,2,N,This paper,This paper,3040714,unknown cell type,,VT046052-x-VT026189,w[1118]; P{y[+t7.7] w[+mC]=VT046052-p65.AD}attP40; P{y[+t7.7] w[+mC]=VT026189-GAL4.DBD}attP2
,SS81722,SS81722,inter,?,SS81722,Adult,Ryo Minegishi,Dickson,2,N,This paper,This paper,3042295,,,VT037859-x-GMR_25D01,w[1118]; P{y[+t7.7] w[+mC]=VT037859-p65.AD}attP40; P{y[+t7.7] w[+mC]=R25D01-GAL4.DBD}attP2
,SS83414,SS83414,local,medial,SS83414,Adult,Ryo Minegishi,Dickson,2,Y,This paper,This paper,3042774,,,GMR_26C06-x-GMR_23H04,w[1118]; P{y[+t7.7] w[+mC]=R26C06-p65.AD}attP40; P{y[+t7.7] w[+mC]=R23H04-GAL4.DBD}attP2
,SS83695,SS83695,inter,08B?,SS83695,Adult,Aljoscha Nern,Rubin,2,N,This paper,This paper,3043417,SLP373,,VT045153-x-VT059793,w[1118]; P{y[+t7.7] w[+mC]=VT045153-p65.AD}attP40; P{y[+t7.7] w[+mC]=VT059793-GAL4.DBD}attP2
,SS84628,SS84628,inter/asc,?,SS84628,Adult,Ryo Minegishi,Dickson,2,N,This paper,This paper,3043453,LBA34,,GMR_24A02-x-GMR_24B11,w[1118]; P{y[+t7.7] w[+mC]=R24A02-p65.AD}attP40; P{y[+t7.7] w[+mC]=R24B11-GAL4.DBD}attP2
,SS87242,SS87242,local,08A? medial tract,SS87242,Adult,Aljoscha Nern,Rubin,2,N,"Dionne et al., in prep",Dionne; 2024,3043464,,,VT049480-x-GMR_22B12,w[1118]; P{y[+t7.7] w[+mC]=VT049480-p65.AD}attP40; P{y[+t7.7] w[+mC]=R22B12-GAL4.DBD}attP2
,SS87668,SS87668,inter,?,SS87668,Adult,Ryo Minegishi,Dickson,1,N,This paper,This paper,3042223,,,VT013610-x-VT025999,w; VT013610-p65ADZp in JK22C/CyOTb; VT025999-ZpGDBD in attP2/TM6B
,SS89292,SS89292,local,13A,SS89292,Adult,Ryo Minegishi,Dickson,1,N,This paper,This paper,3042513,LUL114,,VT064246-x-VT030306,w[1118]; P{y[+t7.7] w[+mC]=VT064246-p65.AD}attP40; P{y[+t7.7] w[+mC]=VT030306-GAL4.DBD}attP2
,SS96120,SS96120,local,various,SS96120,Adult,DI,DI,2,N,This paper,This paper,3043199,New DNg,,VT027312-x-GMR_24D12,w[1118]; P{y[+t7.7] w[+mC]=VT027312-p65.AD}attP40; P{y[+t7.7] w[+mC]=R24D12-GAL4.DBD}attP2